{"type": "FeatureCollection", "features": [{"type": "Feature", "properties": {"ward_code": "A", "name": "A Ward", "zone": "Zone I (City South)", "localities": "Colaba, Fort, Churchgate, Nariman Point", "osm_relation_id": 7885399, "area_sq_km": 9.979, "center_lat": 18.920632, "center_lng": 72.82904}, "geometry": {"type": "Polygon", "coordinates": [[[72.8053021, 18.8981993], [72.8043702, 18.9000946], [72.8037787, 18.9021751], [72.803597, 18.9033045], [72.8034916, 18.905203], [72.8037223, 18.9070909], [72.8040013, 18.9081744], [72.804392, 18.9092333], [72.8053692, 18.9110366], [72.8060958, 18.9121484], [72.8143573, 18.9213383], [72.8144431, 18.9212825], [72.8085471, 18.9146867], [72.8087509, 18.9140286], [72.8091672, 18.9134472], [72.8108543, 18.9121303], [72.8113908, 18.911808], [72.8114726, 18.9119247], [72.8119835, 18.9116634], [72.8124504, 18.9116862], [72.8125281, 18.9118004], [72.8127507, 18.9118207], [72.8129251, 18.9116963], [72.8130565, 18.9119197], [72.813255, 18.9119527], [72.8133556, 18.9118928], [72.8136372, 18.9122112], [72.813782, 18.9120935], [72.813916, 18.9124449], [72.8140099, 18.9124348], [72.8142553, 18.9126402], [72.8144029, 18.9125629], [72.8143896, 18.9126984], [72.8145692, 18.912856], [72.8148656, 18.912894], [72.8149448, 18.9126705], [72.8150868, 18.9127925], [72.8149983, 18.9130691], [72.8155039, 18.9131427], [72.8153443, 18.9134256], [72.815461, 18.9138075], [72.8153329, 18.914008], [72.8156635, 18.9142109], [72.8162938, 18.914962], [72.8164515, 18.9154398], [72.8163796, 18.9161723], [72.815744, 18.9171771], [72.8167444, 18.918362], [72.8170127, 18.9184023], [72.8184373, 18.9173784], [72.8189546, 18.918017], [72.8206605, 18.9198413], [72.8207168, 18.919821], [72.8208697, 18.9196992], [72.8208187, 18.919651], [72.8206336, 18.9197094], [72.8189036, 18.9178241], [72.8194454, 18.917356], [72.8196426, 18.9175691], [72.819837, 18.9176516], [72.8202729, 18.917578], [72.8207396, 18.9170033], [72.8216314, 18.9163867], [72.8219694, 18.9163144], [72.8224321, 18.9167851], [72.8228974, 18.9174968], [72.8225368, 18.9178823], [72.8225782, 18.9182935], [72.8209394, 18.9195952], [72.8215134, 18.9192476], [72.8226534, 18.9183544], [72.8227124, 18.9181311], [72.8230691, 18.9179663], [72.8242654, 18.9194226], [72.8244754, 18.9197937], [72.8244144, 18.9199525], [72.8252622, 18.919436], [72.8255072, 18.9195774], [72.8256217, 18.9202534], [72.8250794, 18.9204959], [72.8249453, 18.9207712], [72.8252149, 18.922135], [72.8249681, 18.922508], [72.824555, 18.9226399], [72.8233749, 18.9226069], [72.8221169, 18.9235229], [72.8208818, 18.9235571], [72.8199886, 18.9242802], [72.8198236, 18.924298], [72.8185845, 18.9253588], [72.8183686, 18.9254774], [72.8181514, 18.9252657], [72.8179568, 18.9253636], [72.8208482, 18.928648], [72.8220191, 18.930497], [72.8226104, 18.9316774], [72.8231268, 18.9329634], [72.8235331, 18.9344124], [72.8238469, 18.9364242], [72.8238711, 18.9387647], [72.823745, 18.9399811], [72.8234406, 18.9414418], [72.8256245, 18.942005], [72.8258023, 18.9422413], [72.8268953, 18.9426576], [72.8269168, 18.9427373], [72.8281766, 18.9430316], [72.8288213, 18.9432942], [72.829514, 18.9441103], [72.8308918, 18.9453885], [72.8349593, 18.9484552], [72.8378443, 18.9490709], [72.8404743, 18.9487723], [72.8406655, 18.9488885], [72.8415037, 18.9489912], [72.8423055, 18.9489355], [72.846812, 18.94803], [72.8436929, 18.9355172], [72.8436319, 18.9354256], [72.8434132, 18.9353946], [72.8433241, 18.9354684], [72.8432402, 18.9358575], [72.8430869, 18.9358863], [72.8429451, 18.9358104], [72.8441959, 18.9290572], [72.8440799, 18.929031], [72.8440468, 18.9291512], [72.8429818, 18.9289474], [72.8422909, 18.9329667], [72.8420368, 18.9331632], [72.8412745, 18.9333178], [72.8409563, 18.9332969], [72.8402835, 18.9330119], [72.8398715, 18.9325257], [72.840088, 18.930883], [72.8375332, 18.9289565], [72.8369451, 18.9294016], [72.8367482, 18.929179], [72.8371587, 18.9288929], [72.8372332, 18.9286817], [72.8368609, 18.9285635], [72.836798, 18.9284335], [72.8362732, 18.9281161], [72.8363678, 18.9279695], [72.8364852, 18.9279934], [72.8364158, 18.9279062], [72.8365072, 18.9277678], [72.8367001, 18.9278552], [72.8368691, 18.9273109], [72.8377746, 18.9275975], [72.8379634, 18.9272361], [72.837842, 18.9271641], [72.8379805, 18.9268967], [72.8381123, 18.9269443], [72.8382342, 18.9267008], [72.8403752, 18.9276706], [72.8404968, 18.9274261], [72.8379833, 18.9262511], [72.8384454, 18.9250608], [72.8403983, 18.9257626], [72.8403226, 18.9259556], [72.8405541, 18.9260425], [72.8409202, 18.9250848], [72.838789, 18.9242859], [72.8400862, 18.9216537], [72.8399063, 18.921415], [72.8400635, 18.921309], [72.8402434, 18.9215476], [72.840207, 18.9214185], [72.8404252, 18.9212477], [72.8442074, 18.9252024], [72.844394, 18.9255314], [72.8443616, 18.9259624], [72.8444156, 18.9260187], [72.8445328, 18.9257715], [72.8445274, 18.9255482], [72.8443237, 18.9251255], [72.840466, 18.9210519], [72.8405111, 18.920965], [72.8403904, 18.9208099], [72.840066, 18.9205525], [72.8393447, 18.9203234], [72.8383201, 18.9203995], [72.8377795, 18.920682], [72.8349625, 18.9236755], [72.8342043, 18.9231274], [72.8343734, 18.9229324], [72.8349782, 18.9229279], [72.8346678, 18.9222945], [72.8349092, 18.9219519], [72.8344984, 18.9216417], [72.8341218, 18.9219454], [72.8337492, 18.9218822], [72.8336115, 18.9217861], [72.8320827, 18.9183468], [72.8328057, 18.9181873], [72.8328297, 18.9180499], [72.832088, 18.9180919], [72.8318332, 18.917309], [72.8314792, 18.9173763], [72.8299436, 18.9160848], [72.830472, 18.9153629], [72.8307912, 18.9153857], [72.8312829, 18.915006], [72.8294195, 18.9128818], [72.82696, 18.9111765], [72.8265687, 18.9105484], [72.8267866, 18.9104353], [72.8252766, 18.9076136], [72.8247547, 18.9078476], [72.8227419, 18.9099411], [72.822597, 18.9101358], [72.8225675, 18.9106636], [72.8224817, 18.9107778], [72.8223261, 18.9108108], [72.8221545, 18.9107753], [72.8210199, 18.9097102], [72.8207678, 18.9098948], [72.8203145, 18.90957], [72.8201589, 18.9092604], [72.8201885, 18.9089261], [72.8203905, 18.9084856], [72.8206052, 18.908278], [72.8195543, 18.9072549], [72.8191594, 18.9075717], [72.8185345, 18.9069927], [72.8179982, 18.9075107], [72.8178468, 18.9073725], [72.8177154, 18.9069412], [72.817525, 18.9068168], [72.8174981, 18.9063144], [72.8183752, 18.9049365], [72.8186904, 18.9045692], [72.8189211, 18.9044931], [72.8187655, 18.9044423], [72.8182988, 18.9048534], [72.8180373, 18.9048706], [72.8178697, 18.9050513], [72.8176444, 18.9050513], [72.8175854, 18.9049346], [72.817816, 18.9046149], [72.8177717, 18.9041118], [72.8174204, 18.9029776], [72.8177624, 18.9029655], [72.8177623, 18.9028773], [72.8179206, 18.9028722], [72.8179166, 18.9027238], [72.8175974, 18.9027086], [72.8175934, 18.9025113], [72.8174499, 18.902517], [72.8174297, 18.9022937], [72.8188151, 18.9022582], [72.8174767, 18.9021985], [72.8174593, 18.9009329], [72.8170999, 18.900471], [72.8166171, 18.8996184], [72.8163328, 18.8992733], [72.81609, 18.8991255], [72.8149366, 18.8977755], [72.814663, 18.8966437], [72.813617, 18.8954104], [72.8129303, 18.8948267], [72.8125066, 18.8947151], [72.8119755, 18.8947227], [72.8115249, 18.8948318], [72.8109348, 18.8947557], [72.8106505, 18.8945907], [72.8098109, 18.8937914], [72.8096098, 18.8932026], [72.8094649, 18.8930326], [72.8092423, 18.8928423], [72.8088587, 18.8927763], [72.8084511, 18.8925124], [72.8081077, 18.8921596], [72.8082901, 18.8925225], [72.8086388, 18.8929311], [72.8088641, 18.8935503], [72.8089768, 18.8941872], [72.8073031, 18.8956236], [72.8061497, 18.8969508], [72.8053021, 18.8981993]]]}}, {"type": "Feature", "properties": {"ward_code": "B", "name": "B Ward", "zone": "Zone I (City South)", "localities": "Dongri, Masjid Bunder, Sandhurst Road", "osm_relation_id": 7885397, "area_sq_km": 2.657, "center_lat": 18.95631, "center_lng": 72.839837}, "geometry": {"type": "Polygon", "coordinates": [[[72.8319897, 18.9618729], [72.8331915, 18.9621002], [72.8343842, 18.9621327], [72.8352616, 18.9625222], [72.8366682, 18.9625063], [72.8373757, 18.9625936], [72.837525, 18.9627563], [72.838109, 18.9642537], [72.8388161, 18.9651078], [72.8392163, 18.964565], [72.8394414, 18.9644698], [72.8421745, 18.9639974], [72.8440545, 18.9635776], [72.8443027, 18.9634608], [72.84461, 18.9634208], [72.8448614, 18.9635843], [72.8453006, 18.9632776], [72.8464377, 18.9635471], [72.846624, 18.9636554], [72.8476053, 18.9634488], [72.8476716, 18.9637508], [72.8486215, 18.9635596], [72.849456, 18.9639185], [72.847972, 18.9579749], [72.8495253, 18.9574359], [72.8503803, 18.9579291], [72.850619, 18.9588255], [72.8509637, 18.9587419], [72.8507029, 18.9576679], [72.8503384, 18.9577326], [72.8496932, 18.9573837], [72.8493441, 18.9558415], [72.8490054, 18.9559078], [72.849291, 18.9572123], [72.8490988, 18.957392], [72.8479497, 18.9577642], [72.8471942, 18.9546796], [72.8469796, 18.9544774], [72.8469067, 18.954202], [72.8471169, 18.9541906], [72.8471434, 18.95413], [72.847108, 18.9540464], [72.8468716, 18.9540652], [72.8468893, 18.9534529], [72.8465701, 18.9520538], [72.8466794, 18.9520068], [72.846686, 18.9519212], [72.8464849, 18.9518188], [72.8461712, 18.9505691], [72.8464894, 18.9504897], [72.846812, 18.94803], [72.8423055, 18.9489355], [72.8413776, 18.9489952], [72.8405916, 18.9488714], [72.8404743, 18.9487723], [72.8378443, 18.9490709], [72.8349593, 18.9484552], [72.833663, 18.9474703], [72.8335011, 18.9482935], [72.8317673, 18.9539267], [72.8317988, 18.9541124], [72.8321159, 18.9546586], [72.8321857, 18.9550543], [72.8320371, 18.9565274], [72.8320192, 18.9579707], [72.8318023, 18.9587528], [72.8317457, 18.9594408], [72.8317666, 18.9601975], [72.8319466, 18.9609493], [72.8319897, 18.9618729]]]}}, {"type": "Feature", "properties": {"ward_code": "C", "name": "C Ward", "zone": "Zone I (City South)", "localities": "Marine Lines, Bhuleshwar, Kalbadevi", "osm_relation_id": 7885398, "area_sq_km": 1.935, "center_lat": 18.951668, "center_lng": 72.827487}, "geometry": {"type": "Polygon", "coordinates": [[[72.8187309, 18.9492881], [72.8202607, 18.9506508], [72.8211548, 18.9509294], [72.8228124, 18.9517852], [72.8234491, 18.9522191], [72.8254154, 18.9531408], [72.8250969, 18.9544582], [72.8251572, 18.9546009], [72.8256238, 18.9550266], [72.8250317, 18.9556589], [72.8261587, 18.9581707], [72.8262471, 18.961688], [72.8319897, 18.9618729], [72.8319466, 18.9609493], [72.8317666, 18.9601975], [72.8317457, 18.9594408], [72.8318023, 18.9587528], [72.8320192, 18.9579707], [72.8320371, 18.9565274], [72.8321857, 18.9550543], [72.8321159, 18.9546586], [72.8317988, 18.9541124], [72.8317673, 18.9539267], [72.8335011, 18.9482935], [72.833663, 18.9474703], [72.8308918, 18.9453885], [72.829514, 18.9441103], [72.8287934, 18.9432777], [72.8281766, 18.9430316], [72.8269168, 18.9427373], [72.8268953, 18.9426576], [72.8258023, 18.9422413], [72.8256245, 18.942005], [72.8234406, 18.9414418], [72.8227285, 18.943231], [72.8214865, 18.9456497], [72.8197861, 18.9480232], [72.8187309, 18.9492881]]]}}, {"type": "Feature", "properties": {"ward_code": "D", "name": "D Ward", "zone": "Zone I (City South)", "localities": "Grant Road, Malabar Hill, Tardeo", "osm_relation_id": 7885394, "area_sq_km": 8.119, "center_lat": 18.959797, "center_lng": 72.812539}, "geometry": {"type": "Polygon", "coordinates": [[[72.7940798, 18.9393317], [72.7933878, 18.9391541], [72.7929935, 18.9392048], [72.7927923, 18.939319], [72.7925375, 18.9392911], [72.7922988, 18.9395397], [72.7922934, 18.9403084], [72.7926448, 18.9410289], [72.7930847, 18.9416885], [72.7930123, 18.9424953], [72.7935085, 18.9437485], [72.7933663, 18.9437891], [72.793436, 18.9439895], [72.7933368, 18.9440276], [72.7933046, 18.9442813], [72.7926019, 18.9452123], [72.7922854, 18.9454457], [72.7923551, 18.9457349], [72.7922264, 18.9463489], [72.792331, 18.9467446], [72.7922022, 18.9478], [72.7920332, 18.9482389], [72.7917855, 18.9482182], [72.7916763, 18.9488968], [72.7919421, 18.9489289], [72.7919367, 18.9491673], [72.7921486, 18.9499208], [72.7933234, 18.9523435], [72.7938116, 18.9527087], [72.7948791, 18.9538402], [72.7948067, 18.9539188], [72.7956247, 18.9549766], [72.7956408, 18.9552303], [72.7960351, 18.9559558], [72.796255, 18.9562247], [72.7970271, 18.9566073], [72.7980171, 18.9580284], [72.7985044, 18.9585944], [72.7984484, 18.9592759], [72.798712, 18.9591832], [72.7988981, 18.9593251], [72.7991143, 18.9589796], [72.7994709, 18.9590492], [72.7987895, 18.9600022], [72.7987132, 18.960476], [72.7987571, 18.9612979], [72.7991924, 18.9634299], [72.800322, 18.9678155], [72.8014608, 18.9718399], [72.8040779, 18.9770872], [72.804516, 18.9777701], [72.8051102, 18.9784874], [72.8060888, 18.9791435], [72.8073866, 18.9784662], [72.8080075, 18.9782606], [72.808528, 18.9781982], [72.808711, 18.9782507], [72.8088805, 18.9785057], [72.8092563, 18.9788257], [72.8093147, 18.9785044], [72.8096083, 18.9782744], [72.8108594, 18.9782562], [72.8117429, 18.978039], [72.8161481, 18.9787749], [72.8231903, 18.9803721], [72.8203931, 18.9737471], [72.818582, 18.9690231], [72.8225809, 18.9686227], [72.8252205, 18.9679047], [72.8245227, 18.9626254], [72.824489, 18.96176], [72.8262471, 18.961688], [72.8261587, 18.9581707], [72.8250317, 18.9556589], [72.8256238, 18.9550266], [72.8251572, 18.9546009], [72.8250969, 18.9544582], [72.8254154, 18.9531408], [72.8234491, 18.9522191], [72.8228124, 18.9517852], [72.8211548, 18.9509294], [72.8202607, 18.9506508], [72.8187309, 18.9492881], [72.8176725, 18.9504839], [72.8160069, 18.9516966], [72.8148843, 18.9528283], [72.8125382, 18.9539079], [72.8100574, 18.9546936], [72.8082539, 18.9551466], [72.8078033, 18.9546697], [72.8076767, 18.9547243], [72.807354, 18.9540086], [72.8068203, 18.9534191], [72.8064448, 18.9531324], [72.8052083, 18.9526326], [72.8044385, 18.9515773], [72.8044076, 18.9511575], [72.8043094, 18.9510264], [72.8035694, 18.9507275], [72.8025475, 18.9498371], [72.8021559, 18.9492561], [72.8016605, 18.9489076], [72.8000692, 18.9485331], [72.7995703, 18.9483353], [72.7979698, 18.9472361], [72.7973923, 18.9458491], [72.7963167, 18.9446568], [72.7955577, 18.9435735], [72.7954182, 18.9431676], [72.7952921, 18.9419651], [72.7948093, 18.9406763], [72.7943967, 18.9396638], [72.7940798, 18.9393317]]]}}, {"type": "Feature", "properties": {"ward_code": "E", "name": "E Ward", "zone": "Zone I (City South)", "localities": "Byculla, Mazgaon, Agripada", "osm_relation_id": 7885393, "area_sq_km": 7.391, "center_lat": 18.975171, "center_lng": 72.838393}, "geometry": {"type": "Polygon", "coordinates": [[[72.8231903, 18.9803721], [72.8263554, 18.9810054], [72.8263957, 18.9812796], [72.8265598, 18.9814267], [72.8268278, 18.9814867], [72.8270578, 18.9814143], [72.8331705, 18.9881285], [72.8352935, 18.9884984], [72.8413788, 18.9881304], [72.8426068, 18.9831798], [72.8441328, 18.9829496], [72.8444352, 18.9828316], [72.8467722, 18.9818342], [72.8465784, 18.9814288], [72.8495326, 18.9801856], [72.8502774, 18.9799695], [72.8500736, 18.9790057], [72.8556313, 18.9777727], [72.8553365, 18.9766719], [72.8558788, 18.9756284], [72.8558658, 18.9753264], [72.8553362, 18.9745426], [72.8541324, 18.9737212], [72.8540503, 18.9726959], [72.8536382, 18.9723373], [72.8529784, 18.9721395], [72.8520396, 18.9721496], [72.8509342, 18.9726003], [72.8501332, 18.9731112], [72.8495287, 18.9730471], [72.8491398, 18.9733163], [72.8489486, 18.9729266], [72.8490449, 18.9727901], [72.8496848, 18.9727833], [72.8500977, 18.9724413], [72.8500367, 18.9720144], [72.84983, 18.9716118], [72.8504316, 18.9704286], [72.85061, 18.9704629], [72.8507792, 18.970347], [72.8506662, 18.9689049], [72.8507972, 18.9688317], [72.852087, 18.9687562], [72.8521903, 18.968679], [72.8521375, 18.9679684], [72.8522383, 18.9679616], [72.8522311, 18.9678004], [72.8508531, 18.9678708], [72.8507698, 18.9677567], [72.851002, 18.9677041], [72.8509755, 18.9676029], [72.8528096, 18.9670431], [72.8527305, 18.9667252], [72.8535719, 18.9665243], [72.8536007, 18.966429], [72.853339, 18.9665243], [72.853243, 18.9664744], [72.853207, 18.9665584], [72.8530509, 18.9665879], [72.8529837, 18.9665357], [72.8527961, 18.9666544], [72.8527788, 18.9665895], [72.8526314, 18.9666086], [72.8525665, 18.9663453], [72.8526521, 18.9663229], [72.8524986, 18.965819], [72.8503531, 18.9662989], [72.8502568, 18.9658785], [72.8500285, 18.9658781], [72.849456, 18.9639185], [72.8486215, 18.9635596], [72.8476716, 18.9637508], [72.8476053, 18.9634488], [72.846624, 18.9636554], [72.8464377, 18.9635471], [72.8453006, 18.9632776], [72.8448614, 18.9635843], [72.84461, 18.9634208], [72.8443027, 18.9634608], [72.8440545, 18.9635776], [72.8421745, 18.9639974], [72.8394414, 18.9644698], [72.8392163, 18.964565], [72.8388161, 18.9651078], [72.838109, 18.9642537], [72.837525, 18.9627563], [72.8373209, 18.9625709], [72.8352616, 18.9625222], [72.8343842, 18.9621327], [72.8331915, 18.9621002], [72.8321148, 18.9618786], [72.8262471, 18.961688], [72.824489, 18.96176], [72.8245227, 18.9626254], [72.8252033, 18.9679363], [72.8225809, 18.9686227], [72.818582, 18.9690231], [72.8203931, 18.9737471], [72.8231903, 18.9803721]]]}}, {"type": "Feature", "properties": {"ward_code": "F/N", "name": "F/N Ward", "zone": "Zone II (City Central)", "localities": "Matunga, Sion, Wadala", "osm_relation_id": 7885396, "area_sq_km": 12.829, "center_lat": 19.028526, "center_lng": 72.864507}, "geometry": {"type": "Polygon", "coordinates": [[[72.8428405, 19.0169661], [72.8482045, 19.0246987], [72.8491171, 19.0258942], [72.8565181, 19.0368028], [72.8675257, 19.052585], [72.8681739, 19.0522134], [72.8685355, 19.0516883], [72.8688797, 19.0516823], [72.8688956, 19.0513873], [72.8697623, 19.0512998], [72.8702952, 19.0513405], [72.8710334, 19.0511273], [72.8713518, 19.0508766], [72.8719925, 19.0499469], [72.8725514, 19.0500076], [72.8737027, 19.0498972], [72.8749758, 19.0494251], [72.8756593, 19.0489616], [72.8759547, 19.0488543], [72.8766796, 19.049022], [72.8771277, 19.0484983], [72.8781185, 19.0478588], [72.878348, 19.0477899], [72.878526, 19.047879], [72.8789562, 19.0478823], [72.8793204, 19.0477582], [72.8795718, 19.0475519], [72.8800185, 19.0467832], [72.8797868, 19.0456349], [72.8799374, 19.0449487], [72.8800887, 19.0446488], [72.8800692, 19.0444321], [72.8802098, 19.0442852], [72.8803871, 19.0437975], [72.8807338, 19.042118], [72.8806859, 19.0415049], [72.8807821, 19.0413663], [72.8813351, 19.0380789], [72.881353, 19.037113], [72.8812153, 19.036175], [72.8808385, 19.034741], [72.8787844, 19.0306872], [72.8787476, 19.0303953], [72.8781304, 19.0286644], [72.8773778, 19.0255767], [72.8772822, 19.0246876], [72.8772976, 19.0238692], [72.8774511, 19.0231318], [72.8780772, 19.0217672], [72.8798635, 19.0193952], [72.8814802, 19.0178483], [72.8833055, 19.0164254], [72.8837499, 19.0159641], [72.8839504, 19.015618], [72.8842963, 19.0145194], [72.884546, 19.0116949], [72.8848346, 19.0102534], [72.884369, 19.0094658], [72.8839541, 19.0085518], [72.88374, 19.008657], [72.8830647, 19.0084963], [72.8826141, 19.0078319], [72.8820026, 19.007421], [72.8811765, 19.0074616], [72.8803879, 19.0072232], [72.879551, 19.0068073], [72.8793901, 19.0067871], [72.8792775, 19.0070204], [72.878902, 19.0069037], [72.8787035, 19.0060567], [72.8784782, 19.0059045], [72.8766864, 19.006006], [72.875289, 19.0059071], [72.8732747, 19.0060947], [72.8730628, 19.006574], [72.8718799, 19.0065461], [72.8714347, 19.0058893], [72.8713113, 19.0053415], [72.8713133, 19.0044989], [72.871191, 19.0043534], [72.871029, 19.0043665], [72.8702223, 19.0052781], [72.8697947, 19.0076641], [72.8694192, 19.0086742], [72.869021, 19.0085285], [72.8689587, 19.0088066], [72.8689878, 19.0095074], [72.8688321, 19.0098571], [72.8683812, 19.0103438], [72.8679497, 19.0104237], [72.8678214, 19.0109142], [72.8674295, 19.0112124], [72.8671661, 19.0115533], [72.8666845, 19.0118176], [72.8661928, 19.0125889], [72.8656551, 19.0126702], [72.8653097, 19.0129277], [72.8648171, 19.0134913], [72.8642543, 19.0143661], [72.8639856, 19.0145656], [72.8639959, 19.0147978], [72.8637602, 19.0148775], [72.863791, 19.0151558], [72.8630993, 19.014925], [72.8631917, 19.0152931], [72.8563045, 19.0105306], [72.8562762, 19.0106704], [72.8548118, 19.0109811], [72.8548397, 19.0111792], [72.8499084, 19.0124333], [72.8492013, 19.0126364], [72.8491458, 19.0127403], [72.8474826, 19.0131768], [72.8466837, 19.0139378], [72.8453199, 19.0148348], [72.8444501, 19.0155293], [72.8428405, 19.0169661]]]}}, {"type": "Feature", "properties": {"ward_code": "F/S", "name": "F/S Ward", "zone": "Zone II (City Central)", "localities": "Parel, Sewri, Lalbaug", "osm_relation_id": 7885395, "area_sq_km": 9.885, "center_lat": 18.997601, "center_lng": 72.846718}, "geometry": {"type": "Polygon", "coordinates": [[[72.8331705, 18.9881285], [72.8330203, 18.9894902], [72.8330774, 18.9948617], [72.8330219, 18.9964019], [72.8331046, 18.9983404], [72.8333414, 18.9999038], [72.8336464, 19.0012603], [72.8341963, 19.0029051], [72.8350746, 19.0051032], [72.8359522, 19.0067581], [72.8428405, 19.0169661], [72.8444501, 19.0155293], [72.8453199, 19.0148348], [72.8466837, 19.0139378], [72.8474826, 19.0131768], [72.8491458, 19.0127403], [72.8492013, 19.0126364], [72.8499084, 19.0124333], [72.8548397, 19.0111792], [72.8548118, 19.0109811], [72.8562762, 19.0106704], [72.8563045, 19.0105306], [72.8631917, 19.0152931], [72.8630993, 19.014925], [72.863791, 19.0151558], [72.8637602, 19.0148775], [72.8639959, 19.0147978], [72.8639856, 19.0145656], [72.8642543, 19.0143661], [72.8648171, 19.0134913], [72.8653097, 19.0129277], [72.8656551, 19.0126702], [72.8661928, 19.0125889], [72.8666845, 19.0118176], [72.8671661, 19.0115533], [72.8674295, 19.0112124], [72.8678214, 19.0109142], [72.8679497, 19.0104237], [72.8684615, 19.0102892], [72.8688881, 19.0097669], [72.8689878, 19.0095074], [72.8689587, 19.0088066], [72.869021, 19.0085285], [72.8694192, 19.0086742], [72.8697947, 19.0076641], [72.8702223, 19.0052781], [72.8688678, 19.0047481], [72.8680792, 19.0039366], [72.867642, 19.0038199], [72.8659603, 19.0045858], [72.8658369, 19.0045579], [72.8657055, 19.0038605], [72.8653407, 19.0032722], [72.8649116, 19.0029019], [72.8643966, 19.0029881], [72.8640479, 19.002065], [72.8632861, 19.0019078], [72.8624305, 19.0019281], [72.8610948, 19.0021132], [72.8609633, 19.001786], [72.8607166, 19.0004597], [72.8600755, 18.9982939], [72.8610133, 18.9959317], [72.8620742, 18.9954745], [72.8619994, 18.9953168], [72.861013, 18.9957248], [72.8601614, 18.9946469], [72.8590509, 18.99469], [72.8587317, 18.994827], [72.8579861, 18.9945049], [72.8581604, 18.9942538], [72.8581456, 18.9939416], [72.8577983, 18.9934118], [72.8573263, 18.9934371], [72.8570741, 18.993635], [72.8566423, 18.993465], [72.8567362, 18.9929477], [72.8564545, 18.9927828], [72.856938, 18.9915859], [72.8570331, 18.9915975], [72.8612014, 18.981601], [72.857692, 18.9783549], [72.856409, 18.9785795], [72.8497589, 18.9800999], [72.8465784, 18.9814288], [72.8467722, 18.9818342], [72.8466522, 18.9818868], [72.8441328, 18.9829496], [72.8426068, 18.9831798], [72.8413761, 18.9881315], [72.8352935, 18.9884984], [72.8331705, 18.9881285]]]}}, {"type": "Feature", "properties": {"ward_code": "G/N", "name": "G/N Ward", "zone": "Zone II (City Central)", "localities": "Dadar, Mahim, Dharavi", "osm_relation_id": 7885381, "area_sq_km": 8.675, "center_lat": 19.029779, "center_lng": 72.844056}, "geometry": {"type": "Polygon", "coordinates": [[[72.8269446, 19.0193308], [72.8283798, 19.0202095], [72.8313357, 19.0225119], [72.8327089, 19.024008], [72.833468, 19.0246875], [72.8334787, 19.0249969], [72.8341064, 19.0258565], [72.834321, 19.0263915], [72.8344577, 19.0263839], [72.8347555, 19.0266476], [72.8354073, 19.0277253], [72.8361824, 19.0296169], [72.8365499, 19.0301899], [72.836802, 19.0310089], [72.8368074, 19.0311864], [72.8366384, 19.0312904], [72.8366867, 19.0313969], [72.8369442, 19.0312676], [72.8370702, 19.0314146], [72.8378159, 19.033902], [72.8378856, 19.0345968], [72.8378668, 19.0360319], [72.838068, 19.0371475], [72.8381002, 19.0381313], [72.8378373, 19.0396323], [72.8375825, 19.0418762], [72.8377743, 19.0425126], [72.8379594, 19.0426408], [72.8379069, 19.0432639], [72.8377065, 19.0440004], [72.8364735, 19.0462565], [72.8362251, 19.0471217], [72.8362782, 19.0474446], [72.836633, 19.0477558], [72.8369227, 19.0481792], [72.8374431, 19.0483034], [72.8376308, 19.0481513], [72.8379929, 19.0480549], [72.8381404, 19.048131], [72.838127, 19.0482578], [72.8384504, 19.0483201], [72.8421624, 19.050951], [72.8600583, 19.0522774], [72.8673767, 19.0523739], [72.8565181, 19.0368028], [72.8491171, 19.0258942], [72.8482045, 19.0246987], [72.8421524, 19.0160158], [72.8363326, 19.0073725], [72.8331021, 19.0093972], [72.8319445, 19.0111016], [72.8311439, 19.0131905], [72.8292823, 19.016323], [72.8289825, 19.0163192], [72.8287786, 19.0162312], [72.8286619, 19.0163723], [72.8269446, 19.0193308]]]}}, {"type": "Feature", "properties": {"ward_code": "G/S", "name": "G/S Ward", "zone": "Zone II (City Central)", "localities": "Worli, Prabhadevi, Lower Parel", "osm_relation_id": 7885391, "area_sq_km": 9.171, "center_lat": 19.002399, "center_lng": 72.822318}, "geometry": {"type": "Polygon", "coordinates": [[[72.8060888, 18.9791435], [72.8094036, 18.980162], [72.8095989, 18.9804], [72.8088708, 18.9818705], [72.8087045, 18.9818274], [72.8086375, 18.982029], [72.8086766, 18.9824299], [72.8085731, 18.9824361], [72.8086241, 18.9830715], [72.8091793, 18.9831399], [72.8091726, 18.9823587], [72.8089714, 18.9823841], [72.8089312, 18.9819517], [72.8097961, 18.9802474], [72.8113123, 18.9806639], [72.8119716, 18.9811112], [72.8124859, 18.9817755], [72.8127212, 18.9824876], [72.8127433, 18.9830938], [72.8125425, 18.9841075], [72.8126426, 18.9846333], [72.8133786, 18.9857694], [72.8135202, 18.9861612], [72.8134287, 18.9868107], [72.8132603, 18.9871131], [72.8125954, 18.9875945], [72.812199, 18.9875917], [72.8116395, 18.9869456], [72.8114032, 18.9868412], [72.8104477, 18.9869938], [72.8100156, 18.9872068], [72.8098, 18.9874814], [72.8096431, 18.9877849], [72.8095803, 18.9882271], [72.8097208, 18.9889703], [72.8107697, 18.991387], [72.8110314, 18.9924867], [72.8111777, 18.9925585], [72.811531, 18.9925192], [72.8119753, 18.9923318], [72.8122625, 18.9925418], [72.8123567, 18.9927182], [72.8124962, 18.992671], [72.8127883, 18.992753], [72.8125647, 18.9935727], [72.8124058, 18.9937465], [72.8117093, 18.993396], [72.8113129, 18.9934389], [72.8111185, 18.9935809], [72.8109956, 18.9953191], [72.8103186, 18.9978648], [72.8101643, 18.9991351], [72.8102342, 19.000803], [72.8105302, 19.0021727], [72.8108773, 19.0031759], [72.8121111, 19.0058794], [72.8121373, 19.0062702], [72.8122768, 19.0063399], [72.8123763, 19.0066059], [72.812091, 19.0066512], [72.8120442, 19.0067357], [72.8124125, 19.0069058], [72.8124764, 19.0073168], [72.8124967, 19.0080566], [72.8122928, 19.0080143], [72.8121906, 19.0081797], [72.8123331, 19.0083038], [72.8122723, 19.0084711], [72.8124091, 19.0085414], [72.8121503, 19.0095259], [72.8121861, 19.0098304], [72.8124328, 19.0100237], [72.8127553, 19.0100899], [72.8130206, 19.0099566], [72.8132566, 19.0096371], [72.8137891, 19.0095153], [72.8143583, 19.0097562], [72.814587, 19.0102071], [72.8153093, 19.01082], [72.815698, 19.0114269], [72.8158537, 19.011946], [72.8161159, 19.0124051], [72.8163517, 19.01349], [72.8163836, 19.0141776], [72.816503, 19.0141742], [72.8161624, 19.015645], [72.816267, 19.0158606], [72.8170221, 19.0162739], [72.817816, 19.0164983], [72.8178012, 19.0167088], [72.8176148, 19.0168127], [72.8164762, 19.0162231], [72.8162885, 19.0163753], [72.8160953, 19.0167709], [72.8159398, 19.0188781], [72.8160632, 19.0199001], [72.8158298, 19.0213378], [72.8158942, 19.0227731], [72.8153899, 19.0244669], [72.8150064, 19.0253037], [72.8149044, 19.0266958], [72.8150064, 19.0267769], [72.8153551, 19.0260771], [72.8155348, 19.026214], [72.815583, 19.0261303], [72.8154174, 19.026015], [72.81609, 19.0249715], [72.8167418, 19.0245734], [72.817077, 19.0242463], [72.8174204, 19.0237366], [72.8176296, 19.0231965], [72.8179166, 19.0229062], [72.8180346, 19.0226552], [72.8182827, 19.0223876], [72.8184745, 19.022323], [72.8187038, 19.0219819], [72.8188071, 19.0206506], [72.8189841, 19.0196351], [72.819196, 19.0191685], [72.8195111, 19.0187564], [72.82012, 19.0181808], [72.8205237, 19.0180033], [72.8213283, 19.0178309], [72.8223503, 19.017737], [72.8224844, 19.017524], [72.8227553, 19.0175646], [72.8240347, 19.0178511], [72.8258286, 19.0186904], [72.8269446, 19.0193308], [72.8286619, 19.0163723], [72.8287786, 19.0162312], [72.8289825, 19.0163192], [72.8292823, 19.016323], [72.8311439, 19.0131905], [72.8319445, 19.0111016], [72.8331021, 19.0093972], [72.8363326, 19.0073725], [72.835503, 19.0059863], [72.8345046, 19.0037473], [72.8336464, 19.0012603], [72.8333414, 18.9999038], [72.8331046, 18.9983404], [72.8330219, 18.9964019], [72.8330774, 18.9948617], [72.8330203, 18.9894902], [72.8331705, 18.9881285], [72.8270578, 18.9814143], [72.8268278, 18.9814867], [72.8265598, 18.9814267], [72.8263957, 18.9812796], [72.8263554, 18.9810054], [72.8248894, 18.9807493], [72.8161481, 18.9787749], [72.8117429, 18.978039], [72.8108594, 18.9782562], [72.8096083, 18.9782744], [72.8093147, 18.9785044], [72.8092563, 18.9788257], [72.8088805, 18.9785057], [72.808711, 18.9782507], [72.808528, 18.9781982], [72.8080075, 18.9782606], [72.8073866, 18.9784662], [72.8060888, 18.9791435]]]}}, {"type": "Feature", "properties": {"ward_code": "H/E", "name": "H/E Ward", "zone": "Zone III (Western Suburbs South)", "localities": "Bandra East, Santacruz East, Khar East", "osm_relation_id": 7885378, "area_sq_km": 12.396, "center_lat": 19.07263, "center_lng": 72.856477}, "geometry": {"type": "Polygon", "coordinates": [[[72.8428127, 19.0904229], [72.8434154, 19.0903838], [72.8437645, 19.0906789], [72.845877, 19.089754], [72.84597, 19.0896086], [72.8461863, 19.0895518], [72.8462048, 19.0892242], [72.8471702, 19.0894316], [72.8478985, 19.0894246], [72.8482967, 19.0892829], [72.8485271, 19.0890389], [72.8487239, 19.0890289], [72.8490184, 19.0892134], [72.8493881, 19.0888171], [72.8499515, 19.0893925], [72.8500482, 19.0895965], [72.8502365, 19.0896616], [72.8503446, 19.0898328], [72.8512379, 19.0905417], [72.8522031, 19.0912043], [72.8524473, 19.0911965], [72.8527927, 19.091505], [72.8530518, 19.0915007], [72.8540966, 19.0917823], [72.8550872, 19.0923609], [72.8561118, 19.0926565], [72.8570849, 19.0935619], [72.857874, 19.0944252], [72.8593449, 19.0937459], [72.8598743, 19.0932958], [72.8603393, 19.0930482], [72.8576981, 19.088743], [72.8588907, 19.0883587], [72.8591842, 19.0884347], [72.8591581, 19.0879159], [72.8597541, 19.0873733], [72.8597388, 19.0867553], [72.8594263, 19.0858703], [72.859481, 19.0850905], [72.8592985, 19.0845149], [72.8593085, 19.0839316], [72.8590488, 19.0833216], [72.8586327, 19.0826934], [72.8584631, 19.0820396], [72.8588234, 19.0820826], [72.8589502, 19.0825572], [72.8595877, 19.0836671], [72.859805, 19.0838657], [72.8604023, 19.0837544], [72.8605906, 19.0834547], [72.8606864, 19.0827941], [72.8612826, 19.0820135], [72.8616887, 19.0817613], [72.8621606, 19.0816811], [72.8631298, 19.0818782], [72.8636058, 19.0822076], [72.8641949, 19.0824268], [72.8644858, 19.0828284], [72.8645729, 19.0834346], [72.864922, 19.0836457], [72.8664284, 19.0824474], [72.8670377, 19.0824066], [72.8681978, 19.0825156], [72.8685057, 19.0824555], [72.8701234, 19.0817256], [72.870476, 19.0814574], [72.875935, 19.0789262], [72.8755836, 19.0783072], [72.8753236, 19.0780792], [72.8752786, 19.077872], [72.8749267, 19.0774978], [72.8737688, 19.0769332], [72.8725939, 19.0765738], [72.8712665, 19.0759829], [72.8711301, 19.0756777], [72.871369, 19.0743712], [72.8721253, 19.0724496], [72.8725543, 19.0716921], [72.8731734, 19.0714861], [72.8733647, 19.0713387], [72.8729953, 19.0702539], [72.8727046, 19.0678425], [72.8725098, 19.0668609], [72.8725019, 19.0657899], [72.8728122, 19.0654584], [72.8729772, 19.0650414], [72.8730427, 19.0642202], [72.8729265, 19.0637777], [72.871824, 19.062284], [72.8713904, 19.0615466], [72.8712813, 19.0605133], [72.8695177, 19.0574013], [72.8685968, 19.0564799], [72.8635585, 19.0523331], [72.8600583, 19.0522774], [72.8432184, 19.0510269], [72.8417899, 19.0546093], [72.8413956, 19.0563563], [72.841304, 19.0583645], [72.841306, 19.0625461], [72.8410734, 19.0690909], [72.8408903, 19.0714908], [72.840889, 19.0743316], [72.8413702, 19.0804464], [72.8421583, 19.0866137], [72.8428127, 19.0904229]]]}}, {"type": "Feature", "properties": {"ward_code": "H/W", "name": "H/W Ward", "zone": "Zone III (Western Suburbs South)", "localities": "Bandra West, Khar West, Santacruz West", "osm_relation_id": 7885382, "area_sq_km": 8.975, "center_lat": 19.065341, "center_lng": 72.832065}, "geometry": {"type": "Polygon", "coordinates": [[[72.8240394, 19.0816771], [72.8254503, 19.0811442], [72.8267462, 19.0808479], [72.8274989, 19.0807812], [72.8278048, 19.0810799], [72.8282182, 19.0821253], [72.8283522, 19.0823575], [72.828524, 19.0824715], [72.8286004, 19.0826813], [72.8297939, 19.0837103], [72.830407, 19.085355], [72.832196, 19.0848334], [72.8325217, 19.0863697], [72.8340702, 19.0865599], [72.8343599, 19.0864777], [72.8348632, 19.0864826], [72.8381247, 19.0866802], [72.8382745, 19.0897198], [72.8395424, 19.0899066], [72.8415514, 19.0905683], [72.8428127, 19.0904229], [72.8421583, 19.0866137], [72.8413702, 19.0804464], [72.840889, 19.0743316], [72.8408903, 19.0714908], [72.8410734, 19.0690909], [72.841306, 19.0625461], [72.841304, 19.0583645], [72.8413956, 19.0563563], [72.8417899, 19.0546093], [72.8432184, 19.0510269], [72.842162, 19.0509509], [72.8384236, 19.0483116], [72.838127, 19.0482578], [72.8381297, 19.0484251], [72.8374618, 19.0492541], [72.8368476, 19.0490538], [72.8359576, 19.0494115], [72.8350943, 19.0492922], [72.8338538, 19.0494068], [72.8334003, 19.0493275], [72.8330201, 19.0491527], [72.8319472, 19.0481677], [72.8299593, 19.0460812], [72.8299042, 19.0453877], [72.8297909, 19.0451052], [72.8292949, 19.0447873], [72.828624, 19.0446255], [72.8274438, 19.0440313], [72.8252658, 19.0427382], [72.8246087, 19.0425101], [72.8234285, 19.042254], [72.8232434, 19.0420029], [72.8230852, 19.0415719], [72.8230865, 19.0412575], [72.8228545, 19.0412854], [72.8228802, 19.0415259], [72.8227425, 19.0415428], [72.8227122, 19.0412891], [72.8225233, 19.0413095], [72.8224844, 19.0407276], [72.822538, 19.0405806], [72.8224616, 19.0404441], [72.8223315, 19.0405248], [72.8220928, 19.0411865], [72.8220686, 19.0416531], [72.8218979, 19.0418431], [72.8218111, 19.0427205], [72.8217494, 19.0428954], [72.8215724, 19.043012], [72.8212103, 19.0429258], [72.820462, 19.0423402], [72.8199644, 19.0422552], [72.8182404, 19.0416638], [72.8181164, 19.0418534], [72.8181053, 19.0423249], [72.8175685, 19.0428847], [72.817804, 19.0430127], [72.8181365, 19.0445764], [72.8184181, 19.0448223], [72.8206497, 19.0497232], [72.8209341, 19.0500426], [72.8211325, 19.0510517], [72.8214115, 19.0514725], [72.8215644, 19.0523751], [72.8219855, 19.0533867], [72.8223744, 19.0540484], [72.8227825, 19.0543997], [72.8231683, 19.0545884], [72.8238228, 19.0547608], [72.8239086, 19.0552526], [72.8238603, 19.0557191], [72.8234768, 19.0564822], [72.8232864, 19.0566495], [72.8232488, 19.0568599], [72.8233346, 19.0568954], [72.82334, 19.0570095], [72.8228988, 19.0572859], [72.8227043, 19.0571971], [72.8223368, 19.0575622], [72.8220257, 19.0576053], [72.821508, 19.0580743], [72.8213632, 19.0581174], [72.8210997, 19.0580325], [72.8210628, 19.0581402], [72.8212032, 19.058594], [72.8205035, 19.0589223], [72.8212197, 19.0603775], [72.8213699, 19.0608921], [72.8215563, 19.0611165], [72.8216663, 19.0614816], [72.8216985, 19.0623638], [72.8221706, 19.0630381], [72.8222873, 19.0635743], [72.8177809, 19.0644019], [72.8178705, 19.064719], [72.8223936, 19.0638047], [72.8225917, 19.0640813], [72.8225729, 19.0646454], [72.8226426, 19.0647493], [72.8228371, 19.0648089], [72.8229537, 19.0655936], [72.8228035, 19.0662527], [72.8223717, 19.0670816], [72.8221866, 19.0677027], [72.8221973, 19.0687471], [72.820954, 19.0690698], [72.8210007, 19.0692062], [72.82224, 19.0688346], [72.8223824, 19.0693042], [72.8223744, 19.0697839], [72.822074, 19.0703467], [72.8217868, 19.0711843], [72.8215107, 19.0724913], [72.8215349, 19.0729324], [72.8214222, 19.0739717], [72.8215644, 19.0749029], [72.8215311, 19.0753824], [72.8214534, 19.0757713], [72.82119, 19.0761791], [72.8210993, 19.0769905], [72.8211727, 19.0770437], [72.8214026, 19.076816], [72.8209591, 19.0773325], [72.8208183, 19.0772998], [72.8206948, 19.0775016], [72.8208006, 19.0776643], [72.8206177, 19.077947], [72.8198606, 19.078494], [72.8197917, 19.0786418], [72.8198371, 19.078788], [72.8201845, 19.0783416], [72.8206863, 19.0780105], [72.8212681, 19.0771186], [72.821974, 19.0775788], [72.8221203, 19.0778914], [72.820766, 19.0787387], [72.8208119, 19.0787949], [72.8221529, 19.0779941], [72.8225997, 19.0785346], [72.8230557, 19.0787602], [72.8234607, 19.0791582], [72.8235573, 19.0793914], [72.823399, 19.0794623], [72.8233212, 19.0797589], [72.8227213, 19.0808565], [72.8216268, 19.0822273], [72.8229487, 19.0806712], [72.823626, 19.0811741], [72.8240394, 19.0816771]]]}}, {"type": "Feature", "properties": {"ward_code": "K/E", "name": "K/E Ward", "zone": "Zone III (Western Suburbs South)", "localities": "Andheri East, Jogeshwari East, Vile Parle East", "osm_relation_id": 7885379, "area_sq_km": 23.919, "center_lat": 19.112613, "center_lng": 72.865883}, "geometry": {"type": "Polygon", "coordinates": [[[72.8428127, 19.0904229], [72.8435287, 19.0949717], [72.8443058, 19.1019393], [72.8449582, 19.105994], [72.8451516, 19.1078849], [72.8459708, 19.1129836], [72.8467037, 19.118286], [72.8478048, 19.1278084], [72.8495003, 19.1404792], [72.8499765, 19.1435575], [72.8525146, 19.1432657], [72.8527371, 19.1424802], [72.8543125, 19.1425018], [72.8552589, 19.1419434], [72.8570488, 19.141605], [72.8583167, 19.1416626], [72.8588785, 19.1418049], [72.8606051, 19.1419917], [72.8611934, 19.1420211], [72.8617062, 19.1419107], [72.8625082, 19.141956], [72.8638774, 19.1412988], [72.8645318, 19.1413086], [72.8658781, 19.1410566], [72.8662532, 19.1408941], [72.8679764, 19.1404801], [72.8708998, 19.139548], [72.8741957, 19.1387411], [72.875383, 19.1385354], [72.8748449, 19.1384685], [72.8746886, 19.1385764], [72.8744535, 19.138389], [72.8743802, 19.1381677], [72.8747203, 19.137583], [72.8755665, 19.1378394], [72.8757625, 19.1377273], [72.8759579, 19.1378103], [72.8762701, 19.1381245], [72.876349, 19.1384563], [72.8765596, 19.1387271], [72.8773605, 19.1385633], [72.8778056, 19.1387892], [72.878078, 19.1395409], [72.8783335, 19.1395704], [72.8786757, 19.1387828], [72.8788301, 19.1379646], [72.885246, 19.1368544], [72.8855838, 19.1375771], [72.8868351, 19.1370847], [72.8873836, 19.1369559], [72.8906851, 19.1356512], [72.8905171, 19.1352214], [72.8899451, 19.1347393], [72.8895047, 19.1340304], [72.8895145, 19.1337619], [72.8891663, 19.132801], [72.8889012, 19.1323765], [72.8887462, 19.1323751], [72.8885852, 19.1322109], [72.8885941, 19.1314353], [72.888522, 19.1313139], [72.8887144, 19.131205], [72.8884828, 19.1309944], [72.8879218, 19.1307553], [72.8875773, 19.1303726], [72.8868858, 19.1300756], [72.886395, 19.1294285], [72.8854767, 19.1295572], [72.8847716, 19.1295379], [72.8849458, 19.1287665], [72.8847438, 19.1283369], [72.8851245, 19.1278053], [72.8854754, 19.1275296], [72.88648, 19.1271237], [72.8866881, 19.1265476], [72.886661, 19.1259145], [72.8868418, 19.1251095], [72.8874506, 19.1235237], [72.8875296, 19.1227932], [72.8877825, 19.1224464], [72.8885882, 19.1219165], [72.8885244, 19.1214912], [72.8872706, 19.1210939], [72.886633, 19.1206682], [72.8863169, 19.1199382], [72.8861371, 19.1190034], [72.8858485, 19.1186297], [72.8858286, 19.1183367], [72.8861229, 19.1169032], [72.8861595, 19.1160687], [72.886309, 19.1157772], [72.8864896, 19.1156873], [72.8866975, 19.1153805], [72.8873205, 19.1140572], [72.8871391, 19.1135288], [72.8867034, 19.1132918], [72.8866714, 19.113047], [72.8858747, 19.1126965], [72.8858336, 19.1125273], [72.8859874, 19.1124933], [72.8855406, 19.1121842], [72.8852691, 19.111631], [72.8853576, 19.1110157], [72.8869561, 19.1098412], [72.8870738, 19.1095598], [72.8870566, 19.1092474], [72.8863433, 19.1072379], [72.8859461, 19.1067618], [72.8849045, 19.106303], [72.8848307, 19.1060908], [72.8846539, 19.1060867], [72.884434, 19.105955], [72.8841085, 19.1055413], [72.8840496, 19.1049095], [72.8841092, 19.1046447], [72.8836387, 19.103821], [72.883129, 19.1037197], [72.8827098, 19.1033805], [72.8820008, 19.1030278], [72.881934, 19.1028895], [72.8811815, 19.1027212], [72.880361, 19.1024131], [72.8797945, 19.1013543], [72.8791321, 19.0997502], [72.8790907, 19.0993112], [72.8789525, 19.0989332], [72.879094, 19.0985546], [72.8792115, 19.098493], [72.8799628, 19.0984806], [72.8806778, 19.0980392], [72.8807387, 19.0974286], [72.8809506, 19.0966512], [72.8807602, 19.0960794], [72.8801534, 19.0955301], [72.8797389, 19.0947865], [72.8794817, 19.0945448], [72.8788616, 19.0944063], [72.8786964, 19.0942574], [72.8785142, 19.0939846], [72.878294, 19.0932937], [72.8784509, 19.0919602], [72.8786974, 19.0912984], [72.8789002, 19.0910766], [72.8787155, 19.0908792], [72.8792399, 19.0903447], [72.8790369, 19.0899877], [72.8792277, 19.0897971], [72.8789246, 19.0893564], [72.8787559, 19.088445], [72.8788836, 19.0875808], [72.8791333, 19.0867783], [72.8791621, 19.0859792], [72.8762588, 19.0861682], [72.8761289, 19.0849323], [72.8760044, 19.0847454], [72.8754177, 19.0843299], [72.8719252, 19.0827499], [72.8701234, 19.0817256], [72.8683152, 19.0825117], [72.8670377, 19.0824066], [72.8664284, 19.0824474], [72.864922, 19.0836457], [72.8645729, 19.0834346], [72.8644858, 19.0828284], [72.8641949, 19.0824268], [72.8636058, 19.0822076], [72.8632741, 19.0819489], [72.8629408, 19.0818123], [72.8621606, 19.0816811], [72.8616887, 19.0817613], [72.8612826, 19.0820135], [72.8606864, 19.0827941], [72.8605906, 19.0834547], [72.8604023, 19.0837544], [72.8598914, 19.0838791], [72.8597237, 19.0838333], [72.85955, 19.0836061], [72.8588954, 19.0824557], [72.8588234, 19.0820826], [72.8584631, 19.0820396], [72.8586327, 19.0826934], [72.8590488, 19.0833216], [72.8593085, 19.0839316], [72.8592985, 19.0845149], [72.859481, 19.0850905], [72.8594263, 19.0858703], [72.8597388, 19.0867553], [72.8597541, 19.0873733], [72.8591581, 19.0879159], [72.8591842, 19.0884347], [72.8588907, 19.0883587], [72.8576981, 19.088743], [72.8603393, 19.0930482], [72.8598743, 19.0932958], [72.8593449, 19.0937459], [72.857874, 19.0944252], [72.8570849, 19.0935619], [72.8561118, 19.0926565], [72.8550872, 19.0923609], [72.8540966, 19.0917823], [72.8530518, 19.0915007], [72.8527927, 19.091505], [72.8524473, 19.0911965], [72.8522031, 19.0912043], [72.8512379, 19.0905417], [72.8503446, 19.0898328], [72.8502365, 19.0896616], [72.8500482, 19.0895965], [72.8499515, 19.0893925], [72.8493881, 19.0888171], [72.8490184, 19.0892134], [72.8487239, 19.0890289], [72.8485271, 19.0890389], [72.8482967, 19.0892829], [72.8478985, 19.0894246], [72.8471702, 19.0894316], [72.8462048, 19.0892242], [72.8461863, 19.0895518], [72.84597, 19.0896086], [72.845877, 19.089754], [72.8437645, 19.0906789], [72.8434154, 19.0903838], [72.8428127, 19.0904229]]]}}, {"type": "Feature", "properties": {"ward_code": "K/W", "name": "K/W Ward", "zone": "Zone IV (Western Suburbs Central)", "localities": "Andheri West, Juhu, Vile Parle West", "osm_relation_id": 7885383, "area_sq_km": 24.018, "center_lat": 19.118466, "center_lng": 72.833353}, "geometry": {"type": "MultiPolygon", "coordinates": [[[[72.8042561, 19.1454495], [72.8047293, 19.1470734], [72.8060217, 19.1499456], [72.8067854, 19.1508503], [72.8077687, 19.1518444], [72.8091046, 19.1534747], [72.8101609, 19.155], [72.8110411, 19.1559953], [72.8137486, 19.153264], [72.8158464, 19.1546999], [72.8182253, 19.1565348], [72.8198473, 19.156003], [72.8203546, 19.1557028], [72.8209655, 19.1543838], [72.8220061, 19.1505123], [72.8279937, 19.1539567], [72.8284128, 19.1539058], [72.8300392, 19.1530523], [72.832313, 19.1515053], [72.8329049, 19.1512909], [72.8340732, 19.1511614], [72.8368026, 19.1510992], [72.8394543, 19.1508747], [72.839581, 19.1507989], [72.8398246, 19.150271], [72.8403555, 19.1498551], [72.8432472, 19.1502484], [72.8438835, 19.1499516], [72.8444117, 19.1495071], [72.8452484, 19.148461], [72.845491, 19.1476326], [72.8458005, 19.1473506], [72.8458771, 19.1473697], [72.8462936, 19.1470678], [72.8459313, 19.1465828], [72.8463158, 19.1463721], [72.8465353, 19.1461208], [72.847057, 19.1462896], [72.8474727, 19.1462354], [72.8477411, 19.1460915], [72.8480118, 19.1457764], [72.8483013, 19.1453815], [72.8484738, 19.1446414], [72.8483935, 19.1444793], [72.8483575, 19.1438419], [72.8494172, 19.1435852], [72.8499765, 19.1435575], [72.8495003, 19.1404792], [72.8478048, 19.1278084], [72.8467037, 19.118286], [72.8459708, 19.1129836], [72.8451516, 19.1078849], [72.8449582, 19.105994], [72.8443058, 19.1019393], [72.8435287, 19.0949717], [72.8428127, 19.0904229], [72.8415514, 19.0905683], [72.8395424, 19.0899066], [72.8382745, 19.0897198], [72.8381247, 19.0866802], [72.8348632, 19.0864826], [72.8343599, 19.0864777], [72.8340702, 19.0865599], [72.8325217, 19.0863697], [72.832196, 19.0848334], [72.830407, 19.085355], [72.8297939, 19.0837103], [72.8286004, 19.0826813], [72.828524, 19.0824715], [72.8283522, 19.0823575], [72.8282182, 19.0821253], [72.8278048, 19.0810799], [72.8274989, 19.0807812], [72.8267462, 19.0808479], [72.8254503, 19.0811442], [72.8240394, 19.0816771], [72.824206, 19.0821331], [72.8242618, 19.0826072], [72.8241317, 19.0833768], [72.8240561, 19.0835155], [72.8228666, 19.0841069], [72.8226213, 19.0844435], [72.822521, 19.0856711], [72.8226138, 19.085674], [72.8227198, 19.0845201], [72.8229351, 19.0841904], [72.8231058, 19.0840779], [72.8238533, 19.083906], [72.8245416, 19.0843774], [72.8251666, 19.0851632], [72.8254965, 19.0857816], [72.8260196, 19.087305], [72.8264567, 19.0890414], [72.8265318, 19.0901363], [72.8265532, 19.093994], [72.8262448, 19.096478], [72.825844, 19.0981401], [72.8242729, 19.1031371], [72.822994, 19.1104634], [72.8221518, 19.1132841], [72.820808, 19.1166244], [72.8201857, 19.1179016], [72.819177, 19.1208298], [72.8187074, 19.121061], [72.8184868, 19.1213396], [72.8181674, 19.1218509], [72.8180301, 19.1223236], [72.8172702, 19.1233452], [72.8159881, 19.1255195], [72.8152531, 19.1265813], [72.8144807, 19.1281246], [72.813094, 19.1301721], [72.809296, 19.1351845], [72.8075259, 19.1368279], [72.8072807, 19.1369349], [72.8070375, 19.1372472], [72.8052433, 19.138593], [72.804837, 19.1390089], [72.8031372, 19.1399251], [72.8021639, 19.1403242], [72.8019983, 19.1405221], [72.8020526, 19.1414269], [72.8021741, 19.1416331], [72.8026979, 19.1419779], [72.8030358, 19.1423578], [72.8033366, 19.1431687], [72.8032535, 19.143318], [72.8033572, 19.1434715], [72.8036989, 19.1432475], [72.8037637, 19.1433295], [72.8034782, 19.1436175], [72.8035131, 19.1437847], [72.8042561, 19.1454495]]], [[[72.7832087, 19.1348374], [72.783316, 19.1344038], [72.7837332, 19.1340603], [72.7837869, 19.1338463], [72.7836379, 19.133379], [72.7833816, 19.133272], [72.7832325, 19.1330636], [72.7832862, 19.1327595], [72.7832266, 19.1324667], [72.7829226, 19.1321288], [72.7827021, 19.1320894], [72.7825113, 19.1320894], [72.7823683, 19.1323653], [72.7821835, 19.1322978], [72.7823206, 19.1319148], [72.7827617, 19.1315657], [72.7831312, 19.1311434], [72.783161, 19.1310138], [72.7838286, 19.1307435], [72.7838524, 19.1305802], [72.7836855, 19.130721], [72.7835127, 19.1306816], [72.7832623, 19.1308224], [72.7829464, 19.1310533], [72.7828213, 19.1313517], [72.7822073, 19.1316108], [72.7822014, 19.1317009], [72.7818855, 19.1320218], [72.7818676, 19.1322471], [72.781504, 19.1324329], [72.7813788, 19.1323147], [72.7810987, 19.1325455], [72.7811345, 19.1326976], [72.7809437, 19.13321], [72.7808245, 19.1332776], [72.7806219, 19.1332213], [72.7803238, 19.1335986], [72.7802821, 19.1337619], [72.7803477, 19.1340265], [72.7805325, 19.1342405], [72.7806517, 19.134325], [72.7808364, 19.1342631], [72.7808603, 19.1346741], [72.7810868, 19.1348825], [72.7811106, 19.1350402], [72.7814802, 19.1353048], [72.7822431, 19.1353555], [72.7827021, 19.1351584], [72.7827557, 19.1349838], [72.7828928, 19.1351303], [72.7832087, 19.1348374]]], [[[72.7893117, 19.14469], [72.7901631, 19.1449824], [72.7914451, 19.1448836], [72.7930863, 19.1441551], [72.7936466, 19.1437827], [72.7939504, 19.1433753], [72.7945262, 19.1429809], [72.7946087, 19.142796], [72.7950218, 19.1427664], [72.7951184, 19.1426268], [72.7950515, 19.1424431], [72.7953191, 19.142371], [72.7955565, 19.1421345], [72.7960695, 19.1420069], [72.796772, 19.1421458], [72.7975302, 19.1426315], [72.7981417, 19.1428474], [72.7981314, 19.1427072], [72.7980456, 19.1426611], [72.7981626, 19.140927], [72.798261, 19.1405165], [72.7979986, 19.1407697], [72.7975308, 19.1409145], [72.7973792, 19.1408153], [72.7972046, 19.1404095], [72.7971724, 19.1400979], [72.7970642, 19.1400075], [72.7965069, 19.1408712], [72.7965662, 19.1411773], [72.7964615, 19.1415675], [72.7962001, 19.1415429], [72.7962126, 19.1412647], [72.7959681, 19.1412305], [72.79596, 19.1409974], [72.7958742, 19.1409467], [72.7956757, 19.1409619], [72.7953726, 19.1411343], [72.7947275, 19.1411486], [72.7946569, 19.1412093], [72.7943024, 19.1410988], [72.7941076, 19.1409411], [72.7941269, 19.1405704], [72.7948352, 19.1396308], [72.7956291, 19.1388807], [72.7958544, 19.1383334], [72.795833, 19.1379989], [72.7956291, 19.1376239], [72.7958115, 19.1373299], [72.7958973, 19.1366508], [72.7965732, 19.1359413], [72.7966698, 19.1356372], [72.7965196, 19.1353534], [72.7964981, 19.1348263], [72.7966162, 19.134725], [72.7967342, 19.1340256], [72.7966064, 19.1337148], [72.7963006, 19.1333853], [72.7963355, 19.1330103], [72.795842, 19.1329824], [72.7957991, 19.133156], [72.7952854, 19.1329507], [72.795208, 19.1319299], [72.7945991, 19.1308783], [72.7944919, 19.130896], [72.7944355, 19.1310505], [72.7943051, 19.1310667], [72.7940771, 19.1308361], [72.7938706, 19.1309222], [72.7936479, 19.1308817], [72.7934709, 19.1307322], [72.7934253, 19.1303267], [72.7929603, 19.1303385], [72.7927253, 19.1302178], [72.7925955, 19.1302625], [72.7925526, 19.1304297], [72.7923729, 19.1301713], [72.79217, 19.1302938], [72.7918509, 19.1300759], [72.7915773, 19.1301975], [72.7917345, 19.1306502], [72.7915612, 19.1309602], [72.7913831, 19.1310151], [72.7909111, 19.1309061], [72.7907555, 19.1310024], [72.7902754, 19.1310759], [72.7897131, 19.1310489], [72.7895308, 19.1309932], [72.7892491, 19.1307296], [72.7890989, 19.1301544], [72.7891489, 19.1299609], [72.7890265, 19.1299086], [72.7889451, 19.1299989], [72.7886768, 19.1299305], [72.7885973, 19.1298554], [72.7885839, 19.1296451], [72.7884793, 19.1295842], [72.7882996, 19.1296831], [72.7878571, 19.1296957], [72.787157, 19.1293688], [72.7870568, 19.1294947], [72.786928, 19.130265], [72.7872928, 19.1303765], [72.7874842, 19.1307879], [72.7877176, 19.1307474], [72.7880653, 19.1305387], [72.7881833, 19.1305387], [72.7883023, 19.1307829], [72.7883506, 19.1310033], [72.7879965, 19.1319055], [72.7881092, 19.1319511], [72.7877649, 19.1323734], [72.7874645, 19.1325457], [72.7868063, 19.1322146], [72.7863289, 19.1322752], [72.7860052, 19.1325423], [72.786031, 19.132971], [72.785958, 19.1333068], [72.7860688, 19.1334581], [72.7863215, 19.1335298], [72.7867305, 19.1335234], [72.7869987, 19.1332029], [72.7873635, 19.1330002], [72.7876291, 19.1330939], [72.7878946, 19.1334702], [72.7879831, 19.1351186], [72.7882607, 19.1358081], [72.7884149, 19.1373713], [72.7883506, 19.1380682], [72.788423, 19.1385775], [72.7883854, 19.1392059], [72.7880703, 19.140217], [72.7881803, 19.1410709], [72.788132, 19.1416157], [72.7877672, 19.1418539], [72.787621, 19.141864], [72.7875003, 19.1421376], [72.7877363, 19.1434432], [72.7879697, 19.1440989], [72.7882969, 19.1445753], [72.7888177, 19.1448706], [72.7893117, 19.14469]]]]}}, {"type": "Feature", "properties": {"ward_code": "L", "name": "L Ward", "zone": "Zone V (Eastern Suburbs South)", "localities": "Kurla, Sakinaka, Chandivali", "osm_relation_id": 7885380, "area_sq_km": 15.652, "center_lat": 19.088502, "center_lng": 72.886695}, "geometry": {"type": "Polygon", "coordinates": [[[72.8635585, 19.0523331], [72.8685968, 19.0564799], [72.8695177, 19.0574013], [72.8712813, 19.0605133], [72.8713904, 19.0615466], [72.871824, 19.062284], [72.8729265, 19.0637777], [72.8730427, 19.0642202], [72.8729772, 19.0650414], [72.8728122, 19.0654584], [72.8725019, 19.0657899], [72.8724787, 19.0662443], [72.8729953, 19.0702539], [72.8733647, 19.0713387], [72.8731734, 19.0714861], [72.8725543, 19.0716921], [72.8721253, 19.0724496], [72.871369, 19.0743712], [72.8711301, 19.0756777], [72.8712665, 19.0759829], [72.8725939, 19.0765738], [72.8737688, 19.0769332], [72.8749267, 19.0774978], [72.8752786, 19.077872], [72.8753236, 19.0780792], [72.8755836, 19.0783072], [72.875935, 19.0789262], [72.870476, 19.0814574], [72.87011, 19.0817134], [72.8719252, 19.0827499], [72.8754177, 19.0843299], [72.8760044, 19.0847454], [72.8761289, 19.0849323], [72.8762588, 19.0861682], [72.8791621, 19.0859792], [72.8791333, 19.0867783], [72.8788836, 19.0875808], [72.8787559, 19.088445], [72.8789246, 19.0893564], [72.8792277, 19.0897971], [72.8790369, 19.0899877], [72.8792399, 19.0903447], [72.8787155, 19.0908792], [72.8789002, 19.0910766], [72.8786974, 19.0912984], [72.8784509, 19.0919602], [72.878294, 19.0932937], [72.8785142, 19.0939846], [72.8786964, 19.0942574], [72.8788616, 19.0944063], [72.8794817, 19.0945448], [72.8797389, 19.0947865], [72.8801534, 19.0955301], [72.8807602, 19.0960794], [72.8809506, 19.0966512], [72.8807387, 19.0974286], [72.8806778, 19.0980392], [72.8799628, 19.0984806], [72.8792115, 19.098493], [72.879094, 19.0985546], [72.8789525, 19.0989332], [72.8790907, 19.0993112], [72.8791321, 19.0997502], [72.8797945, 19.1013543], [72.880361, 19.1024131], [72.8811815, 19.1027212], [72.881934, 19.1028895], [72.8820008, 19.1030278], [72.8827098, 19.1033805], [72.883129, 19.1037197], [72.8836387, 19.103821], [72.8841092, 19.1046447], [72.8840496, 19.1049095], [72.8841085, 19.1055413], [72.884434, 19.105955], [72.8846539, 19.1060867], [72.8848307, 19.1060908], [72.8849045, 19.106303], [72.8859461, 19.1067618], [72.8863433, 19.1072379], [72.8868235, 19.1084553], [72.8868927, 19.1088899], [72.8870186, 19.1090881], [72.8870738, 19.1095598], [72.8869561, 19.1098412], [72.8853576, 19.1110157], [72.8852691, 19.111631], [72.8855406, 19.1121842], [72.8859874, 19.1124933], [72.8858336, 19.1125273], [72.8858747, 19.1126965], [72.8866714, 19.113047], [72.8867034, 19.1132918], [72.8871391, 19.1135288], [72.8873205, 19.1140572], [72.8866975, 19.1153805], [72.8864896, 19.1156873], [72.886309, 19.1157772], [72.8861595, 19.1160687], [72.8861229, 19.1169032], [72.8858286, 19.1183367], [72.8858485, 19.1186297], [72.8861371, 19.1190034], [72.8863169, 19.1199382], [72.886633, 19.1206682], [72.8872706, 19.1210939], [72.8885244, 19.1214912], [72.8885882, 19.1219165], [72.8877825, 19.1224464], [72.8875296, 19.1227932], [72.8874506, 19.1235237], [72.8868418, 19.1251095], [72.886661, 19.1259145], [72.8866881, 19.1265476], [72.88648, 19.1271237], [72.8854754, 19.1275296], [72.8851245, 19.1278053], [72.8847438, 19.1283369], [72.884894, 19.1286801], [72.8864084, 19.1291784], [72.8899263, 19.1265845], [72.8918674, 19.1254963], [72.8930778, 19.1250276], [72.895731, 19.1245488], [72.8958759, 19.1214684], [72.8960874, 19.1209608], [72.896959, 19.1207078], [72.8983395, 19.1201015], [72.9017618, 19.1184029], [72.9032659, 19.1175021], [72.9033176, 19.1169102], [72.9044868, 19.1152717], [72.904316, 19.1141002], [72.9045483, 19.111985], [72.9062835, 19.111354], [72.9067138, 19.1109586], [72.9070084, 19.1103039], [72.9076283, 19.1093933], [72.90801, 19.1081368], [72.906722, 19.1070711], [72.9050077, 19.1045958], [72.9045984, 19.1032762], [72.9038889, 19.1027921], [72.9036421, 19.102328], [72.903026, 19.102116], [72.9019859, 19.1013962], [72.9009877, 19.1003854], [72.9007048, 19.099575], [72.9005851, 19.0994487], [72.8999906, 19.099222], [72.8996872, 19.0989937], [72.899535, 19.0986509], [72.8993777, 19.0977601], [72.8987632, 19.0960177], [72.8993404, 19.0957653], [72.8995932, 19.0946694], [72.899684, 19.0946643], [72.8997015, 19.0945518], [72.8995759, 19.0938235], [72.8994968, 19.0938231], [72.8991687, 19.0933494], [72.8984348, 19.0927493], [72.8983874, 19.0925892], [72.898023, 19.0925168], [72.8972834, 19.0920914], [72.8967409, 19.0916259], [72.8959438, 19.0915794], [72.8958566, 19.0919778], [72.8957036, 19.0921339], [72.8949741, 19.0922847], [72.894826, 19.091943], [72.8948928, 19.0912162], [72.8943428, 19.0910307], [72.8946233, 19.0884768], [72.8941736, 19.0866672], [72.8944185, 19.0857168], [72.8926714, 19.0850838], [72.8932894, 19.0841262], [72.8934994, 19.0834847], [72.893751, 19.0833506], [72.8936817, 19.0824031], [72.893729, 19.0821221], [72.8939402, 19.0817804], [72.893833, 19.0814507], [72.8938748, 19.0809847], [72.8931008, 19.0785908], [72.8930497, 19.0779795], [72.8922925, 19.0753182], [72.8920649, 19.0742584], [72.8917072, 19.0730095], [72.8915395, 19.0727539], [72.8914494, 19.0724125], [72.8910617, 19.0684278], [72.892713, 19.0681683], [72.8896831, 19.0637655], [72.8840117, 19.0558985], [72.882155, 19.0534553], [72.8783544, 19.0479694], [72.8782318, 19.0478237], [72.8775355, 19.0481856], [72.8771277, 19.0484983], [72.8766796, 19.049022], [72.8759547, 19.0488543], [72.8756593, 19.0489616], [72.8749758, 19.0494251], [72.8737027, 19.0498972], [72.8725514, 19.0500076], [72.8719925, 19.0499469], [72.8713518, 19.0508766], [72.8710334, 19.0511273], [72.8702952, 19.0513405], [72.8697623, 19.0512998], [72.8688956, 19.0513873], [72.8688797, 19.0516823], [72.8685355, 19.0516883], [72.8681739, 19.0522134], [72.8675257, 19.052585], [72.8673767, 19.0523739], [72.8635585, 19.0523331]]]}}, {"type": "Feature", "properties": {"ward_code": "M/E", "name": "M/E Ward", "zone": "Zone V (Eastern Suburbs South)", "localities": "Govandi, Mankhurd, Deonar, Trombay", "osm_relation_id": 7885392, "area_sq_km": 40.171, "center_lat": 19.035341, "center_lng": 72.929019}, "geometry": {"type": "Polygon", "coordinates": [[[72.9043803, 18.9952683], [72.9042989, 18.9971141], [72.9044418, 18.9992533], [72.9043222, 19.0029681], [72.9049106, 19.0031314], [72.9053863, 19.0067702], [72.9052031, 19.0069115], [72.9010455, 19.0079202], [72.8999835, 19.0087893], [72.8989837, 19.0090669], [72.8984677, 19.0093342], [72.8976794, 19.0274917], [72.8973477, 19.0286832], [72.8969175, 19.0294877], [72.8968341, 19.0312048], [72.896588, 19.0318306], [72.8964857, 19.0324541], [72.8951254, 19.036318], [72.8947129, 19.0393699], [72.8945339, 19.0398888], [72.8938865, 19.0409417], [72.8942891, 19.0411623], [72.8950026, 19.0413], [72.8951927, 19.0414196], [72.8952581, 19.0415215], [72.8952845, 19.0426469], [72.8956189, 19.0424043], [72.8960475, 19.0423984], [72.896564, 19.0437922], [72.8987481, 19.0446594], [72.8989553, 19.0450943], [72.8988282, 19.0460867], [72.9001623, 19.0461533], [72.9037124, 19.0457699], [72.9092827, 19.0457831], [72.909611, 19.0466988], [72.9096178, 19.0471902], [72.910495, 19.050709], [72.9107997, 19.0534659], [72.9110841, 19.055172], [72.9113057, 19.0556932], [72.9123733, 19.0572267], [72.9096051, 19.0588363], [72.9077258, 19.0597309], [72.908, 19.0600156], [72.9075684, 19.0603009], [72.9117862, 19.0649423], [72.9115638, 19.0650188], [72.9121249, 19.0652371], [72.9130905, 19.0653367], [72.9164085, 19.0665437], [72.9181771, 19.067323], [72.9191759, 19.067926], [72.9195089, 19.0684807], [72.9195937, 19.069206], [72.9195327, 19.0693218], [72.9196914, 19.069536], [72.9197107, 19.0698219], [72.9199678, 19.0704693], [72.9199403, 19.0710442], [72.9201425, 19.071259], [72.9201291, 19.0717221], [72.9208352, 19.0728523], [72.9217992, 19.0740225], [72.9220986, 19.0746323], [72.9231057, 19.0753348], [72.9243184, 19.0753508], [72.9271651, 19.075796], [72.9281021, 19.0758225], [72.9291495, 19.0754871], [72.9305926, 19.0745932], [72.9324137, 19.0732875], [72.9328251, 19.0727803], [72.9332766, 19.0712987], [72.9342415, 19.0699363], [72.9349184, 19.0677643], [72.9354956, 19.0662212], [72.9362182, 19.0636684], [72.9367368, 19.0625945], [72.9374816, 19.0613339], [72.9382099, 19.0603489], [72.9418133, 19.0591007], [72.9422952, 19.0567322], [72.9427147, 19.0564754], [72.9436304, 19.0564356], [72.9492501, 19.0588296], [72.9519215, 19.0621013], [72.9537124, 19.0633865], [72.9544262, 19.0635177], [72.9557791, 19.0635583], [72.9563368, 19.0635002], [72.9616642, 19.0647038], [72.9618037, 19.0636796], [72.9627039, 19.060747], [72.9624045, 19.0578107], [72.9625748, 19.0564126], [72.9628283, 19.0528542], [72.9629624, 19.052195], [72.9631019, 19.0495533], [72.9638636, 19.0434127], [72.9635953, 19.0395638], [72.9626942, 19.0356389], [72.9619968, 19.0337524], [72.9608864, 19.0315516], [72.9587406, 19.0279459], [72.9576221, 19.0262926], [72.9561549, 19.024368], [72.9551625, 19.0232346], [72.9538857, 19.0221493], [72.9533069, 19.0214969], [72.9518473, 19.0203337], [72.9421323, 19.0134718], [72.9292416, 19.0039265], [72.926647, 19.0024473], [72.9235591, 19.0010123], [72.9225844, 19.0000666], [72.9194731, 18.9978449], [72.9171556, 18.9989558], [72.91457, 18.9981848], [72.9140013, 18.9982], [72.9135454, 18.9983776], [72.913143, 18.9987225], [72.9102355, 18.9987174], [72.9098064, 18.9989761], [72.9093611, 18.9988797], [72.9088408, 18.998517], [72.908543, 18.998441], [72.9082319, 18.9988569], [72.907607, 18.9990699], [72.9069525, 18.9987706], [72.9068989, 18.9982431], [72.9067813, 18.9981656], [72.9058461, 18.9981265], [72.9059413, 18.9979718], [72.9058534, 18.9979216], [72.9064174, 18.9971469], [72.9063183, 18.9970859], [72.9060553, 18.9974151], [72.9059789, 18.9973593], [72.905826, 18.9975381], [72.9059011, 18.9976002], [72.9055367, 18.9981438], [72.9048683, 18.9980376], [72.9046296, 18.9978102], [72.9055525, 18.9964483], [72.9057183, 18.996044], [72.9056374, 18.9960165], [72.9054537, 18.9962754], [72.9053441, 18.9962176], [72.9055319, 18.9959663], [72.9054089, 18.9959023], [72.9053204, 18.9959961], [72.9051916, 18.9956614], [72.904847, 18.995565], [72.9043803, 18.9952683]]]}}, {"type": "Feature", "properties": {"ward_code": "M/W", "name": "M/W Ward", "zone": "Zone V (Eastern Suburbs South)", "localities": "Chembur, Tilak Nagar", "osm_relation_id": 7885389, "area_sq_km": 16.881, "center_lat": 19.033033, "center_lng": 72.888147}, "geometry": {"type": "Polygon", "coordinates": [[[72.8782318, 19.0478237], [72.882155, 19.0534553], [72.8840117, 19.0558985], [72.8896831, 19.0637655], [72.892713, 19.0681683], [72.8951813, 19.0715392], [72.8979036, 19.0720275], [72.898507, 19.0720545], [72.8987367, 19.0718496], [72.8992282, 19.0718535], [72.9019344, 19.0729761], [72.9022696, 19.072771], [72.9026804, 19.0735395], [72.902857, 19.0736437], [72.9046807, 19.0723003], [72.9052151, 19.0715815], [72.9073021, 19.0719593], [72.9076862, 19.070382], [72.9092505, 19.0704007], [72.9095076, 19.0695128], [72.9098669, 19.0695638], [72.9101128, 19.0680816], [72.9106081, 19.0675459], [72.9106555, 19.0671586], [72.9117388, 19.0651001], [72.9115638, 19.0650188], [72.9117862, 19.0649423], [72.9075684, 19.0603009], [72.908, 19.0600156], [72.9077258, 19.0597309], [72.9096051, 19.0588363], [72.9123733, 19.0572267], [72.9113057, 19.0556932], [72.9110841, 19.055172], [72.9107997, 19.0534659], [72.910495, 19.050709], [72.9096178, 19.0471902], [72.909611, 19.0466988], [72.9092827, 19.0457831], [72.9037124, 19.0457699], [72.9001623, 19.0461533], [72.8988282, 19.0460867], [72.8989553, 19.0450943], [72.8987481, 19.0446594], [72.896564, 19.0437922], [72.8960475, 19.0423984], [72.8956189, 19.0424043], [72.8952845, 19.0426469], [72.8952581, 19.0415215], [72.8951927, 19.0414196], [72.8950026, 19.0413], [72.8942891, 19.0411623], [72.8938865, 19.0409417], [72.8945339, 19.0398888], [72.8947129, 19.0393699], [72.8951254, 19.036318], [72.8964857, 19.0324541], [72.896588, 19.0318306], [72.8968341, 19.0312048], [72.8969175, 19.0294877], [72.8973477, 19.0286832], [72.8976794, 19.0274917], [72.8984677, 19.0093342], [72.8989837, 19.0090669], [72.8999835, 19.0087893], [72.9010455, 19.0079202], [72.9052031, 19.0069115], [72.9053863, 19.0067702], [72.9049106, 19.0031314], [72.9043222, 19.0029681], [72.9044418, 18.9992533], [72.9042989, 18.9971141], [72.9044031, 18.9944123], [72.9047665, 18.9932672], [72.9048825, 18.993122], [72.9051009, 18.993027], [72.9051138, 18.9929362], [72.9050723, 18.992831], [72.904458, 18.9924937], [72.9041737, 18.9937085], [72.9039025, 18.9938247], [72.9038504, 18.9939484], [72.9038465, 18.9964704], [72.9036346, 18.9972693], [72.9032108, 18.9973225], [72.9029587, 18.9975001], [72.9028487, 18.997708], [72.895377, 18.9963263], [72.8953318, 18.9965122], [72.8949778, 18.99653], [72.8946412, 18.9963461], [72.8945139, 18.9961551], [72.8917774, 18.9955702], [72.8915942, 18.9992081], [72.8919643, 18.9993108], [72.8928226, 18.9992043], [72.89536, 18.9992023], [72.8954534, 18.9997129], [72.8953575, 19.0009489], [72.8955165, 19.0014285], [72.895371, 19.001423], [72.8953045, 19.0012305], [72.8935531, 19.0010921], [72.8933778, 18.9998028], [72.8933054, 18.9997775], [72.8928199, 18.9997597], [72.8918436, 19.000485], [72.891672, 19.0005205], [72.891452, 19.000485], [72.891275, 19.0003329], [72.891098, 18.9999144], [72.8906098, 18.9996405], [72.8898427, 18.999605], [72.8891078, 18.9997546], [72.888751, 18.9997394], [72.8876138, 18.999463], [72.8871568, 18.9996303], [72.8860621, 18.9992259], [72.8857027, 18.9992703], [72.8855689, 18.9995036], [72.8855109, 19.0004204], [72.8857094, 19.0008743], [72.8855927, 19.0010671], [72.8853446, 19.0010379], [72.8846526, 19.0018114], [72.884404, 19.0023481], [72.8844058, 19.0025367], [72.8842771, 19.0026179], [72.8840464, 19.0024708], [72.883691, 19.0025296], [72.8835033, 19.0029155], [72.8838479, 19.0034801], [72.8836441, 19.0039417], [72.8842216, 19.0084409], [72.8839541, 19.0085518], [72.884369, 19.0094658], [72.8848346, 19.0102534], [72.884546, 19.0116949], [72.8842963, 19.0145194], [72.884048, 19.0153609], [72.8838643, 19.0157966], [72.8835751, 19.0161705], [72.8812004, 19.018092], [72.8800548, 19.0191869], [72.8795474, 19.019793], [72.8780772, 19.0217672], [72.8774511, 19.0231318], [72.8772976, 19.0238692], [72.8772822, 19.0246876], [72.8773778, 19.0255767], [72.8781304, 19.0286644], [72.8787476, 19.0303953], [72.8787844, 19.0306872], [72.8808385, 19.034741], [72.8812783, 19.0364933], [72.8813816, 19.037515], [72.8807821, 19.0413663], [72.8806859, 19.0415049], [72.8807338, 19.042118], [72.8803871, 19.0437975], [72.8802098, 19.0442852], [72.8800692, 19.0444321], [72.8800887, 19.0446488], [72.8799374, 19.0449487], [72.8797868, 19.0456349], [72.8800185, 19.0467832], [72.8799872, 19.046915], [72.8795718, 19.0475519], [72.8793204, 19.0477582], [72.8788416, 19.0478983], [72.8782318, 19.0478237]]]}}, {"type": "Feature", "properties": {"ward_code": "N", "name": "N Ward", "zone": "Zone VI (Eastern Suburbs North)", "localities": "Ghatkopar, Vikhroli", "osm_relation_id": 7885388, "area_sq_km": 31.033, "center_lat": 19.08675, "center_lng": 72.92725}, "geometry": {"type": "Polygon", "coordinates": [[[72.892713, 19.0681683], [72.8910617, 19.0684278], [72.8912056, 19.0702609], [72.8914494, 19.0724125], [72.8915395, 19.0727539], [72.8917072, 19.0730095], [72.8920649, 19.0742584], [72.8922925, 19.0753182], [72.8930497, 19.0779795], [72.8931008, 19.0785908], [72.8938748, 19.0809847], [72.893833, 19.0814507], [72.8939402, 19.0817804], [72.893729, 19.0821221], [72.8936817, 19.0824031], [72.893751, 19.0833506], [72.8934994, 19.0834847], [72.8932894, 19.0841262], [72.8926714, 19.0850838], [72.8944185, 19.0857168], [72.8941736, 19.0866672], [72.8946233, 19.0884768], [72.8943428, 19.0910307], [72.8948928, 19.0912162], [72.894826, 19.091943], [72.8949741, 19.0922847], [72.8957036, 19.0921339], [72.8958566, 19.0919778], [72.8959438, 19.0915794], [72.8967409, 19.0916259], [72.8972834, 19.0920914], [72.898023, 19.0925168], [72.8983874, 19.0925892], [72.8984348, 19.0927493], [72.8991687, 19.0933494], [72.8994968, 19.0938231], [72.8995759, 19.0938235], [72.8997015, 19.0945518], [72.899684, 19.0946643], [72.8995932, 19.0946694], [72.8993404, 19.0957653], [72.8987632, 19.0960177], [72.8993777, 19.0977601], [72.899535, 19.0986509], [72.8996872, 19.0989937], [72.8999906, 19.099222], [72.9005851, 19.0994487], [72.9007048, 19.099575], [72.9009877, 19.1003854], [72.9019859, 19.1013962], [72.903026, 19.102116], [72.9036421, 19.102328], [72.9038889, 19.1027921], [72.9045984, 19.1032762], [72.9050077, 19.1045958], [72.9067946, 19.1071683], [72.9083549, 19.1084087], [72.9090458, 19.1082984], [72.9097807, 19.1086312], [72.9116965, 19.1096121], [72.9133025, 19.1106526], [72.9138785, 19.1113732], [72.9140893, 19.1118121], [72.9152124, 19.1151554], [72.9163548, 19.1155005], [72.9173742, 19.116422], [72.9183035, 19.1170473], [72.9183981, 19.115351], [72.9182704, 19.1145039], [72.9184593, 19.110812], [72.9176207, 19.1105779], [72.9165916, 19.1089268], [72.9163019, 19.1089713], [72.9155701, 19.1077807], [72.9155036, 19.1074003], [72.9157308, 19.1067896], [72.9161014, 19.1063138], [72.915912, 19.1050287], [72.9165573, 19.1048612], [72.9199467, 19.1024244], [72.9223947, 19.105739], [72.92378, 19.1077721], [72.9254978, 19.1107522], [72.9267665, 19.1110671], [72.926889, 19.1108066], [72.9282204, 19.1105458], [72.9282336, 19.1106298], [72.9331721, 19.1088077], [72.9333213, 19.1088964], [72.93407, 19.1107757], [72.9346173, 19.1108665], [72.9363387, 19.1130826], [72.9373919, 19.1134188], [72.9412824, 19.114109], [72.9429259, 19.1147585], [72.9615829, 19.0990121], [72.9612388, 19.096851], [72.9610195, 19.0964513], [72.9607952, 19.0925367], [72.960366, 19.089708], [72.9604091, 19.0885498], [72.960315, 19.0867632], [72.9603982, 19.083949], [72.9602694, 19.0812773], [72.9603721, 19.0773984], [72.9603016, 19.0754774], [72.9604183, 19.0743596], [72.9605323, 19.0739616], [72.9604975, 19.0726181], [72.9608058, 19.0703721], [72.9614067, 19.0684252], [72.9615496, 19.0674003], [72.9616642, 19.0647038], [72.9563368, 19.0635002], [72.9557791, 19.0635583], [72.9544262, 19.0635177], [72.9537124, 19.0633865], [72.9519215, 19.0621013], [72.9492501, 19.0588296], [72.9436304, 19.0564356], [72.9427147, 19.0564754], [72.9422952, 19.0567322], [72.9418133, 19.0591007], [72.9382099, 19.0603489], [72.9374816, 19.0613339], [72.936972, 19.0621832], [72.9360818, 19.0640062], [72.9354956, 19.0662212], [72.9349184, 19.0677643], [72.9342415, 19.0699363], [72.9332766, 19.0712987], [72.9328251, 19.0727803], [72.9324137, 19.0732875], [72.9299929, 19.0749973], [72.9291495, 19.0754871], [72.9281021, 19.0758225], [72.9271651, 19.075796], [72.9243184, 19.0753508], [72.9231057, 19.0753348], [72.9220986, 19.0746323], [72.9217992, 19.0740225], [72.9208352, 19.0728523], [72.9201291, 19.0717221], [72.9201425, 19.071259], [72.9199403, 19.0710442], [72.9199678, 19.0704693], [72.9197107, 19.0698219], [72.9196914, 19.069536], [72.9195327, 19.0693218], [72.9195937, 19.069206], [72.9195089, 19.0684807], [72.9191759, 19.067926], [72.9181771, 19.067323], [72.9164085, 19.0665437], [72.9130288, 19.0653226], [72.912536, 19.0653114], [72.9117388, 19.0651001], [72.9106555, 19.0671586], [72.9106081, 19.0675459], [72.9101128, 19.0680816], [72.9098669, 19.0695638], [72.9095076, 19.0695128], [72.9092505, 19.0704007], [72.9076862, 19.070382], [72.9073021, 19.0719593], [72.9052151, 19.0715815], [72.9046807, 19.0723003], [72.902857, 19.0736437], [72.9026804, 19.0735395], [72.9022696, 19.072771], [72.9019344, 19.0729761], [72.8992282, 19.0718535], [72.8987367, 19.0718496], [72.898507, 19.0720545], [72.8979036, 19.0720275], [72.8951813, 19.0715392], [72.892713, 19.0681683]]]}}, {"type": "Feature", "properties": {"ward_code": "P/N", "name": "P/N Ward", "zone": "Zone IV (Western Suburbs Central)", "localities": "Malad", "osm_relation_id": 7885384, "area_sq_km": 46.421, "center_lat": 19.182682, "center_lng": 72.848089}, "geometry": {"type": "Polygon", "coordinates": [[[72.7803791, 19.2176333], [72.7802918, 19.217928], [72.7810393, 19.2184692], [72.7810347, 19.2185303], [72.7802285, 19.2190861], [72.7801085, 19.2196699], [72.7802134, 19.2198524], [72.7807975, 19.2198511], [72.7808672, 19.2201483], [72.781434, 19.2201983], [72.7810078, 19.2228137], [72.7819036, 19.2233065], [72.7821067, 19.2238106], [72.7821083, 19.2240939], [72.7822348, 19.224282], [72.7826358, 19.2243146], [72.7829397, 19.2246701], [72.7843118, 19.2249675], [72.7948242, 19.22561], [72.7952347, 19.2248801], [72.7962867, 19.2243712], [72.7983909, 19.2244627], [72.8005542, 19.2235578], [72.8026966, 19.2229459], [72.8040716, 19.222715], [72.8065931, 19.2210817], [72.8069895, 19.2203889], [72.8071805, 19.2196698], [72.8071718, 19.2193363], [72.8062688, 19.2174645], [72.8060305, 19.2172019], [72.8045509, 19.2170168], [72.8043943, 19.2167765], [72.8033859, 19.2135014], [72.8042385, 19.2130474], [72.8055416, 19.2126934], [72.8062056, 19.2123729], [72.8079197, 19.2119427], [72.8089032, 19.210769], [72.8085963, 19.2096935], [72.8094066, 19.2086189], [72.809597, 19.2084066], [72.8100153, 19.2087132], [72.8104376, 19.208597], [72.810391, 19.2080587], [72.8110665, 19.2082577], [72.8109046, 19.2079483], [72.8110699, 19.2074532], [72.8109207, 19.2065018], [72.8143244, 19.2047976], [72.8159859, 19.2044313], [72.8166317, 19.2043759], [72.8228337, 19.2049853], [72.8230136, 19.2045115], [72.827426, 19.2015939], [72.8279611, 19.2009027], [72.8277598, 19.2006973], [72.8283929, 19.2000318], [72.8285745, 19.1996203], [72.828995, 19.1993203], [72.8293855, 19.1992514], [72.8294422, 19.1989518], [72.8291077, 19.1977046], [72.8306506, 19.1962639], [72.8311431, 19.1971858], [72.8318578, 19.1982208], [72.8316892, 19.1989252], [72.831892, 19.1991932], [72.832839, 19.1994227], [72.8328805, 19.1991753], [72.8339193, 19.1997052], [72.8339245, 19.2000519], [72.8342289, 19.2001191], [72.8350862, 19.2005478], [72.8356014, 19.2009082], [72.8359317, 19.2009966], [72.8363551, 19.2007852], [72.8369899, 19.2006719], [72.8379099, 19.200682], [72.8393688, 19.2003908], [72.8397573, 19.200427], [72.8405605, 19.2002068], [72.8412684, 19.1997037], [72.8419097, 19.1996135], [72.8425931, 19.199394], [72.8431688, 19.1986348], [72.8435892, 19.197704], [72.8441268, 19.1970217], [72.8445055, 19.1963793], [72.8450975, 19.1964405], [72.8452675, 19.1955037], [72.8465862, 19.1954853], [72.8469465, 19.1954082], [72.8470491, 19.1953508], [72.8470722, 19.1949328], [72.8478692, 19.1948523], [72.8482679, 19.1949597], [72.8494959, 19.1949875], [72.8505502, 19.1948234], [72.8507093, 19.1956038], [72.8508574, 19.1973911], [72.8511602, 19.1989305], [72.851464, 19.1989193], [72.8515602, 19.1987956], [72.8536797, 19.1988987], [72.8541049, 19.1958947], [72.8538482, 19.195738], [72.8535982, 19.1957376], [72.8536501, 19.1939078], [72.8547786, 19.1936858], [72.8551003, 19.1936967], [72.8562979, 19.1943441], [72.8574392, 19.1944382], [72.8581664, 19.1946531], [72.8585054, 19.1944975], [72.8593521, 19.1947157], [72.859543, 19.1946115], [72.8600647, 19.1947243], [72.8603449, 19.1946788], [72.8598177, 19.19341], [72.8612808, 19.191692], [72.8614562, 19.1915757], [72.8620873, 19.19141], [72.864044, 19.190984], [72.8641347, 19.1911041], [72.86427, 19.1910969], [72.8642541, 19.1914244], [72.8643644, 19.1919508], [72.8645619, 19.1921728], [72.8647611, 19.19343], [72.8669598, 19.1935338], [72.8676746, 19.1937205], [72.8680856, 19.1937065], [72.8680434, 19.1939381], [72.8695787, 19.1936987], [72.8702972, 19.1938288], [72.8721932, 19.1938575], [72.8729877, 19.194007], [72.8742943, 19.1939213], [72.8745928, 19.1934793], [72.8767068, 19.1928603], [72.8774167, 19.1928117], [72.8788389, 19.1929716], [72.8827839, 19.1924557], [72.887081, 19.192478], [72.891081, 19.1911927], [72.8924341, 19.1910663], [72.8943005, 19.1906452], [72.8956751, 19.1905407], [72.8973907, 19.1892042], [72.9001882, 19.1851018], [72.8999919, 19.1832632], [72.9000176, 19.1813019], [72.9002653, 19.1799275], [72.8993289, 19.1760885], [72.8970485, 19.1735987], [72.8950228, 19.1696034], [72.8923204, 19.1639705], [72.8923431, 19.1638819], [72.8914465, 19.1636179], [72.8905668, 19.1629096], [72.8895877, 19.1625885], [72.8892931, 19.1625683], [72.8881997, 19.1627099], [72.8855467, 19.1634095], [72.8856238, 19.163845], [72.882067, 19.1646271], [72.882046, 19.1645423], [72.8784404, 19.1660808], [72.8775498, 19.1665405], [72.8768177, 19.1670815], [72.8760439, 19.167996], [72.8746099, 19.1704697], [72.8743851, 19.1717776], [72.8740327, 19.1759654], [72.8708855, 19.1756127], [72.869004, 19.1755609], [72.8680725, 19.1755794], [72.8666892, 19.1758369], [72.8634288, 19.1751147], [72.8594736, 19.174357], [72.859378, 19.1754004], [72.857866, 19.1753641], [72.8572081, 19.1757992], [72.8570605, 19.1761], [72.8570534, 19.1772306], [72.8566985, 19.1774843], [72.8538168, 19.1767609], [72.8528798, 19.1767146], [72.8516318, 19.1762745], [72.851088, 19.1763325], [72.850497, 19.1764209], [72.8501026, 19.176819], [72.8496694, 19.1768636], [72.8494662, 19.1769633], [72.8492491, 19.1771047], [72.8488842, 19.1775334], [72.848558, 19.1777483], [72.8472196, 19.1780723], [72.8462825, 19.1781117], [72.845411, 19.1784924], [72.8448023, 19.178881], [72.8440725, 19.178869], [72.84356, 19.1790112], [72.842916, 19.1790249], [72.84174, 19.1792357], [72.8376288, 19.1793319], [72.8371985, 19.1794835], [72.8367814, 19.1797579], [72.8362857, 19.1797325], [72.8354172, 19.1789831], [72.8349408, 19.1787291], [72.8326624, 19.1785634], [72.8307701, 19.1785721], [72.8296384, 19.1784885], [72.8295446, 19.1774629], [72.8293039, 19.1764199], [72.8287017, 19.1754121], [72.8279593, 19.174723], [72.8272337, 19.1744087], [72.8257551, 19.1726615], [72.8252264, 19.1701808], [72.8250317, 19.1696298], [72.8235101, 19.1682696], [72.810907, 19.1558638], [72.8101609, 19.155], [72.8091046, 19.1534747], [72.8077687, 19.1518444], [72.8067854, 19.1508503], [72.8060217, 19.1499456], [72.8047293, 19.1470734], [72.8042561, 19.1454495], [72.8026162, 19.1458698], [72.8025515, 19.1451606], [72.8026897, 19.1449363], [72.8025824, 19.1447096], [72.8023933, 19.1446627], [72.8023115, 19.1445208], [72.8021371, 19.1444308], [72.8004678, 19.1436546], [72.8001674, 19.1434316], [72.8000601, 19.143158], [72.7998831, 19.1429907], [72.7999619, 19.1427788], [72.8002804, 19.1428859], [72.8006861, 19.142837], [72.8007859, 19.1427067], [72.8005966, 19.1424257], [72.8003696, 19.1422973], [72.8003374, 19.142049], [72.8000423, 19.1418057], [72.7999592, 19.1414485], [72.8000638, 19.1412229], [72.7999806, 19.1410988], [72.7997097, 19.1412027], [72.7995773, 19.1413437], [72.7993771, 19.1409087], [72.7992377, 19.140782], [72.7990187, 19.1408616], [72.7989136, 19.1406884], [72.7985108, 19.1405514], [72.7984437, 19.1404184], [72.7985772, 19.1399047], [72.7985383, 19.139745], [72.7983995, 19.1397203], [72.7983505, 19.1397678], [72.7984364, 19.1400306], [72.7981626, 19.140927], [72.7980456, 19.1426611], [72.7981314, 19.1427072], [72.7981417, 19.1428474], [72.7975302, 19.1426315], [72.796772, 19.1421458], [72.7960695, 19.1420069], [72.7955565, 19.1421345], [72.7953191, 19.142371], [72.7950515, 19.1424431], [72.7951184, 19.1426268], [72.7950218, 19.1427664], [72.7946087, 19.142796], [72.7945262, 19.1429809], [72.7939504, 19.1433753], [72.7936466, 19.1437827], [72.7930863, 19.1441551], [72.7914451, 19.1448836], [72.7901631, 19.1449824], [72.7893094, 19.144689], [72.7888177, 19.1448706], [72.7892144, 19.1471343], [72.7891445, 19.1481277], [72.7888548, 19.1496429], [72.7884029, 19.1507616], [72.7878597, 19.1516826], [72.7873823, 19.1523237], [72.7869639, 19.1527329], [72.7859044, 19.1535804], [72.784684, 19.1542721], [72.7843487, 19.1545432], [72.7842629, 19.154789], [72.784306, 19.155891], [72.7841526, 19.1566268], [72.7839453, 19.1572389], [72.7836648, 19.1576318], [72.7832745, 19.1578877], [72.7828909, 19.1574164], [72.7827662, 19.1575507], [72.7820393, 19.1576647], [72.7815565, 19.1579231], [72.7815109, 19.1581334], [72.781696, 19.158549], [72.7823693, 19.1592001], [72.7828655, 19.1595573], [72.783528, 19.1596511], [72.7837318, 19.1598994], [72.7838713, 19.1606392], [72.7838176, 19.1612371], [72.7836621, 19.1616881], [72.7832115, 19.1624482], [72.7826053, 19.1629347], [72.7811972, 19.1636394], [72.780819, 19.1640251], [72.7807143, 19.1642926], [72.7807277, 19.1646423], [72.7810684, 19.1657013], [72.7811032, 19.1660205], [72.7810013, 19.1665171], [72.7811301, 19.1667983], [72.7811285, 19.1672472], [72.7812749, 19.1674545], [72.7816611, 19.1675812], [72.7816987, 19.1678953], [72.7817738, 19.1679663], [72.7821225, 19.1680068], [72.7828655, 19.1675913], [72.7842061, 19.1673441], [72.7843273, 19.1669883], [72.7847242, 19.1664715], [72.7854538, 19.166355], [72.7861297, 19.166507], [72.7872723, 19.1672012], [72.7876371, 19.1676927], [72.7877082, 19.1685439], [72.7881896, 19.1686757], [72.7883077, 19.1693141], [72.7886644, 19.1698183], [72.7888951, 19.1699069], [72.7891606, 19.1698867], [72.7894878, 19.1697043], [72.7898401, 19.1697622], [72.7901423, 19.1699272], [72.7906036, 19.1703579], [72.790955, 19.1708468], [72.7909309, 19.1710014], [72.7904212, 19.1713231], [72.7904266, 19.1714954], [72.790617, 19.1716272], [72.7908517, 19.1716069], [72.7916819, 19.1712877], [72.7926582, 19.1715892], [72.7930713, 19.1718932], [72.7939832, 19.1720806], [72.7940637, 19.172187], [72.7948008, 19.1752546], [72.7950818, 19.1772895], [72.7956676, 19.1801773], [72.7960485, 19.1813883], [72.7961918, 19.1828478], [72.7961236, 19.1857708], [72.7958313, 19.1869143], [72.7958473, 19.1880229], [72.7956086, 19.1907156], [72.7957106, 19.1912653], [72.796534, 19.1936338], [72.7967566, 19.1965266], [72.796595, 19.1971296], [72.7938193, 19.1970985], [72.7936774, 19.1966988], [72.7932537, 19.1965114], [72.7930123, 19.1962074], [72.7928299, 19.1955285], [72.7925134, 19.1953867], [72.7922881, 19.1951435], [72.7922291, 19.1948041], [72.7916819, 19.1940036], [72.7910703, 19.1935679], [72.7901208, 19.1932639], [72.7895361, 19.1932639], [72.7889299, 19.193421], [72.7878705, 19.1940695], [72.787621, 19.19411], [72.7866983, 19.1937655], [72.7862048, 19.1934261], [72.7855182, 19.193421], [72.7852714, 19.1932943], [72.7850246, 19.1930056], [72.784, 19.1929853], [72.7837801, 19.1930816], [72.7834958, 19.1934514], [72.7832544, 19.1935831], [72.7830827, 19.1936084], [72.7826321, 19.1934261], [72.7824819, 19.1934869], [72.7823478, 19.1936642], [72.7817899, 19.1950878], [72.782042, 19.1971345], [72.7819991, 19.1980464], [72.7823853, 19.2005592], [72.7825516, 19.2008631], [72.7828252, 19.2010607], [72.7832571, 19.2010708], [72.7847108, 19.2007998], [72.7853327, 19.2009382], [72.7856764, 19.2015217], [72.7858132, 19.201932], [72.7859044, 19.2024285], [72.7859071, 19.203082], [72.7857927, 19.2036029], [72.7852308, 19.2046972], [72.7849143, 19.2051012], [72.7841315, 19.2058049], [72.7833503, 19.2060842], [72.7827689, 19.2061291], [72.7825999, 19.2060506], [72.7825275, 19.2059012], [72.7822539, 19.2057897], [72.7813661, 19.2058911], [72.7809423, 19.2056783], [72.7804011, 19.2056374], [72.779811, 19.205834], [72.7793974, 19.2063951], [72.7792939, 19.207298], [72.7793169, 19.208001], [72.7791989, 19.2084316], [72.7793491, 19.2086696], [72.7795851, 19.2088014], [72.7802128, 19.2088925], [72.7804971, 19.2092066], [72.7804863, 19.2098044], [72.7803375, 19.2099411], [72.7801122, 19.2099918], [72.7801651, 19.2100939], [72.7808619, 19.2104199], [72.7813339, 19.2114761], [72.781586, 19.2126791], [72.7816558, 19.2134567], [72.7817282, 19.2147991], [72.7816424, 19.2152727], [72.7806687, 19.2174889], [72.7803791, 19.2176333]]]}}, {"type": "Feature", "properties": {"ward_code": "P/S", "name": "P/S Ward", "zone": "Zone IV (Western Suburbs Central)", "localities": "Goregaon", "osm_relation_id": 7885377, "area_sq_km": 25.158, "center_lat": 19.157745, "center_lng": 72.851641}, "geometry": {"type": "Polygon", "coordinates": [[[72.8110411, 19.1559953], [72.8235101, 19.1682696], [72.8250317, 19.1696298], [72.8252264, 19.1701808], [72.8257551, 19.1726615], [72.8272337, 19.1744087], [72.8279593, 19.174723], [72.8287017, 19.1754121], [72.8293039, 19.1764199], [72.8295446, 19.1774629], [72.8296384, 19.1784885], [72.8307701, 19.1785721], [72.8326624, 19.1785634], [72.8349408, 19.1787291], [72.8354172, 19.1789831], [72.8362857, 19.1797325], [72.8367814, 19.1797579], [72.8371985, 19.1794835], [72.8376288, 19.1793319], [72.84174, 19.1792357], [72.842916, 19.1790249], [72.84356, 19.1790112], [72.8440725, 19.178869], [72.8448023, 19.178881], [72.845411, 19.1784924], [72.8462825, 19.1781117], [72.8472196, 19.1780723], [72.848558, 19.1777483], [72.8488842, 19.1775334], [72.8492491, 19.1771047], [72.8494662, 19.1769633], [72.8496694, 19.1768636], [72.8501026, 19.176819], [72.850497, 19.1764209], [72.851088, 19.1763325], [72.8516318, 19.1762745], [72.8528798, 19.1767146], [72.8538168, 19.1767609], [72.8566985, 19.1774843], [72.8570534, 19.1772306], [72.8570605, 19.1761], [72.8572081, 19.1757992], [72.857866, 19.1753641], [72.859378, 19.1754004], [72.8594736, 19.174357], [72.8634288, 19.1751147], [72.8666892, 19.1758369], [72.8680725, 19.1755794], [72.869004, 19.1755609], [72.8708855, 19.1756127], [72.8740327, 19.1759654], [72.8743851, 19.1717776], [72.8746099, 19.1704697], [72.8762129, 19.1677495], [72.8767074, 19.1671846], [72.8774201, 19.1666208], [72.8799056, 19.165416], [72.882046, 19.1645423], [72.882067, 19.1646271], [72.8856238, 19.163845], [72.8855467, 19.1634095], [72.8887, 19.1626024], [72.8895877, 19.1625885], [72.8903718, 19.1628408], [72.8908724, 19.1630926], [72.8914465, 19.1636179], [72.8923431, 19.1638819], [72.8924755, 19.1631768], [72.8921327, 19.161895], [72.8915514, 19.1602669], [72.8910258, 19.1602583], [72.8904689, 19.1598896], [72.8904565, 19.1576325], [72.889413, 19.1568481], [72.8901637, 19.1565101], [72.8926678, 19.1541194], [72.8935005, 19.153708], [72.8935914, 19.153159], [72.8931137, 19.152328], [72.8929848, 19.1506772], [72.8949898, 19.1472951], [72.8951642, 19.1457609], [72.8953377, 19.1452054], [72.8952841, 19.1449036], [72.8942234, 19.1427606], [72.8941399, 19.1420044], [72.893327, 19.1421069], [72.8939093, 19.1405664], [72.8944812, 19.1394872], [72.8943314, 19.1393367], [72.8937798, 19.1379893], [72.89282, 19.1373796], [72.8927767, 19.1369393], [72.8922733, 19.1367209], [72.8919066, 19.1363708], [72.891258, 19.1361932], [72.8911196, 19.1362621], [72.8909252, 19.136147], [72.8909567, 19.1359854], [72.8906965, 19.1356132], [72.8887062, 19.1364506], [72.8855838, 19.1375771], [72.885246, 19.1368544], [72.8788301, 19.1379646], [72.8786757, 19.1387828], [72.8783335, 19.1395704], [72.878078, 19.1395409], [72.8778056, 19.1387892], [72.8773605, 19.1385633], [72.8765596, 19.1387271], [72.876349, 19.1384563], [72.8762701, 19.1381245], [72.8759579, 19.1378103], [72.8757625, 19.1377273], [72.8755665, 19.1378394], [72.8747203, 19.137583], [72.8743802, 19.1381677], [72.8744535, 19.138389], [72.8746886, 19.1385764], [72.8748449, 19.1384685], [72.875383, 19.1385354], [72.8741957, 19.1387411], [72.8708998, 19.139548], [72.8679764, 19.1404801], [72.8662532, 19.1408941], [72.8658781, 19.1410566], [72.8645318, 19.1413086], [72.8638774, 19.1412988], [72.8625082, 19.141956], [72.8617062, 19.1419107], [72.8611934, 19.1420211], [72.8606051, 19.1419917], [72.8588785, 19.1418049], [72.8583167, 19.1416626], [72.8570488, 19.141605], [72.8552589, 19.1419434], [72.8543125, 19.1425018], [72.8527371, 19.1424802], [72.8525146, 19.1432657], [72.8494172, 19.1435852], [72.8483575, 19.1438419], [72.8483935, 19.1444793], [72.8484738, 19.1446414], [72.8483013, 19.1453815], [72.8480118, 19.1457764], [72.8477411, 19.1460915], [72.8474727, 19.1462354], [72.847057, 19.1462896], [72.8465353, 19.1461208], [72.8463158, 19.1463721], [72.8459313, 19.1465828], [72.8462936, 19.1470678], [72.8458771, 19.1473697], [72.8458005, 19.1473506], [72.845491, 19.1476326], [72.8452484, 19.148461], [72.8444117, 19.1495071], [72.8438835, 19.1499516], [72.8433172, 19.1502299], [72.8403555, 19.1498551], [72.8398246, 19.150271], [72.839581, 19.1507989], [72.8394543, 19.1508747], [72.8368026, 19.1510992], [72.8340732, 19.1511614], [72.8329049, 19.1512909], [72.832313, 19.1515053], [72.8300392, 19.1530523], [72.8284128, 19.1539058], [72.8279937, 19.1539567], [72.8220061, 19.1505123], [72.8209655, 19.1543838], [72.8203546, 19.1557028], [72.8198473, 19.156003], [72.8182253, 19.1565348], [72.8158464, 19.1546999], [72.8137486, 19.153264], [72.8110411, 19.1559953]]]}}, {"type": "Feature", "properties": {"ward_code": "R/C", "name": "R/C Ward", "zone": "Zone VII (Western Suburbs North)", "localities": "Borivali", "osm_relation_id": 7885385, "area_sq_km": 49.181, "center_lat": 19.23277, "center_lng": 72.846573}, "geometry": {"type": "Polygon", "coordinates": [[[72.7802273, 19.2321573], [72.7798748, 19.2333836], [72.7797702, 19.2344954], [72.7795836, 19.2353341], [72.779333, 19.2359313], [72.7787322, 19.2366531], [72.7786437, 19.2369747], [72.7786732, 19.2373951], [72.7787456, 19.2377547], [72.7791157, 19.23817], [72.7800035, 19.238441], [72.780143, 19.2385575], [72.7807509, 19.2396291], [72.7810094, 19.2404492], [72.7810013, 19.2406948], [72.7809638, 19.2410012], [72.7805319, 19.2415305], [72.7809826, 19.243569], [72.7818784, 19.2458937], [72.7827823, 19.249839], [72.7828842, 19.2506898], [72.7828494, 19.2527966], [72.7825302, 19.2556175], [72.7821949, 19.2569386], [72.7817202, 19.257466], [72.7818382, 19.2578103], [72.7817523, 19.2587928], [72.7812105, 19.2597195], [72.7812749, 19.2599272], [72.7814412, 19.2600538], [72.7820635, 19.2600994], [72.7824765, 19.2600031], [72.7830168, 19.260357], [72.7841154, 19.262087], [72.7844265, 19.2629023], [72.784455, 19.2632715], [72.7842515, 19.26371], [72.7839303, 19.2638848], [72.7837549, 19.2643921], [72.7837151, 19.2648545], [72.7845016, 19.2647592], [72.7883112, 19.263206], [72.7899323, 19.2614429], [72.7913211, 19.2615103], [72.7922692, 19.2617733], [72.7961021, 19.2622252], [72.7994004, 19.2622061], [72.7997222, 19.2622689], [72.7998405, 19.2619511], [72.800221, 19.2618718], [72.8005748, 19.2612783], [72.8008568, 19.2611692], [72.800891, 19.2610829], [72.800617, 19.2604946], [72.8008502, 19.2595392], [72.8008065, 19.2588232], [72.8016629, 19.2590609], [72.8026057, 19.2588224], [72.803537, 19.2582459], [72.8056192, 19.2566634], [72.8069093, 19.2557931], [72.8078436, 19.2549919], [72.8111887, 19.2518386], [72.8127312, 19.2501156], [72.8139689, 19.2490674], [72.816248, 19.2473748], [72.8166833, 19.2471423], [72.8173733, 19.2469172], [72.8210644, 19.2461315], [72.8223129, 19.2459865], [72.8258867, 19.2451259], [72.8272035, 19.244973], [72.828421, 19.2464999], [72.8288427, 19.2469583], [72.8291765, 19.2471886], [72.830697, 19.2479598], [72.8332963, 19.2488437], [72.8349639, 19.2495204], [72.8419152, 19.2433873], [72.8441692, 19.2415942], [72.8459721, 19.2402698], [72.8485241, 19.2386276], [72.8494192, 19.2381689], [72.8501881, 19.2380276], [72.8519787, 19.238024], [72.8543277, 19.2377893], [72.8551716, 19.237774], [72.8561195, 19.2376159], [72.8579876, 19.2371013], [72.8586603, 19.2372769], [72.8586337, 19.2374792], [72.8589376, 19.2387636], [72.8592139, 19.239276], [72.8594161, 19.2393774], [72.859577, 19.2393386], [72.8597934, 19.2394062], [72.8610134, 19.238892], [72.8610377, 19.2387795], [72.8616687, 19.2382066], [72.8629387, 19.2374059], [72.8641599, 19.2372439], [72.8643527, 19.238496], [72.8670556, 19.2384626], [72.8686394, 19.2380357], [72.870278, 19.2379625], [72.8724489, 19.2383267], [72.8776631, 19.2389761], [72.879648, 19.2403266], [72.8878907, 19.2455756], [72.8936264, 19.2494376], [72.898711, 19.2479658], [72.8978491, 19.2489629], [72.9008961, 19.2491249], [72.9031491, 19.2479094], [72.9057983, 19.2473224], [72.9055343, 19.2396691], [72.9106378, 19.2353286], [72.9150651, 19.230718], [72.9122595, 19.2286626], [72.9109748, 19.2260409], [72.9099107, 19.2184912], [72.9082449, 19.2168704], [72.9074513, 19.2104661], [72.9101687, 19.2075954], [72.9089853, 19.2024685], [72.9075831, 19.2021308], [72.9024395, 19.2013881], [72.9009859, 19.2010612], [72.8997918, 19.2042633], [72.8997464, 19.2045711], [72.8995402, 19.2048728], [72.8953227, 19.2076293], [72.8953412, 19.2084122], [72.8945226, 19.2084007], [72.8941118, 19.2085523], [72.8940689, 19.2082926], [72.8920081, 19.2093261], [72.8919055, 19.2105146], [72.89123, 19.21072], [72.8909709, 19.2104099], [72.8902338, 19.2101171], [72.8869461, 19.2116183], [72.8863267, 19.2158827], [72.8820568, 19.2173228], [72.8795573, 19.215193], [72.8792989, 19.2148906], [72.8781965, 19.2141111], [72.8776746, 19.2141836], [72.8775813, 19.2144459], [72.8692015, 19.2145537], [72.8634797, 19.2130703], [72.8628848, 19.2131399], [72.8574389, 19.2128924], [72.8562502, 19.2129858], [72.8535971, 19.2139064], [72.8518459, 19.2137422], [72.8514872, 19.2135389], [72.8511557, 19.2138551], [72.8504383, 19.2134119], [72.8482423, 19.2124423], [72.847658, 19.2122996], [72.8462698, 19.2121509], [72.844788, 19.2123202], [72.8418984, 19.2131174], [72.840656, 19.2136724], [72.8382572, 19.2151008], [72.8375876, 19.2151216], [72.8357761, 19.2153823], [72.828523, 19.2153085], [72.8209757, 19.2156079], [72.8126176, 19.2147338], [72.8036061, 19.2141438], [72.8041233, 19.2158023], [72.8042044, 19.2163123], [72.8045509, 19.2170168], [72.8060305, 19.2172019], [72.8062688, 19.2174645], [72.8071718, 19.2193363], [72.8071805, 19.2196698], [72.8069895, 19.2203889], [72.8065931, 19.2210817], [72.8040716, 19.222715], [72.8026966, 19.2229459], [72.8005542, 19.2235578], [72.7983909, 19.2244627], [72.7962867, 19.2243712], [72.7952347, 19.2248801], [72.7948242, 19.22561], [72.7879586, 19.2251415], [72.7849879, 19.2250441], [72.7843118, 19.2249675], [72.7828842, 19.2246473], [72.7826358, 19.2243146], [72.7821728, 19.224237], [72.7821067, 19.2238106], [72.7819036, 19.2233065], [72.7810078, 19.2228137], [72.781434, 19.2201983], [72.7808672, 19.2201483], [72.7807975, 19.2198511], [72.7802134, 19.2198524], [72.7801085, 19.2196699], [72.7802285, 19.2190861], [72.7807677, 19.2186667], [72.780849, 19.2187018], [72.7810393, 19.2184692], [72.7802918, 19.217928], [72.7803791, 19.2176333], [72.7796575, 19.2177194], [72.779156, 19.2183475], [72.778818, 19.2191909], [72.7788582, 19.2199887], [72.778751, 19.2201255], [72.7783659, 19.2201107], [72.7780563, 19.2203458], [72.7774581, 19.2214349], [72.7769726, 19.2216603], [72.7765059, 19.2220554], [72.7765086, 19.2228988], [72.7761573, 19.2233394], [72.7761412, 19.2239169], [72.7760124, 19.2244665], [72.7761868, 19.2254846], [72.7763611, 19.2259126], [72.7766642, 19.226252], [72.7775493, 19.2267129], [72.77797, 19.2271975], [72.7797675, 19.2298938], [72.7805936, 19.2308309], [72.7806017, 19.2312728], [72.7802273, 19.2321573]]]}}, {"type": "Feature", "properties": {"ward_code": "R/N", "name": "R/N Ward", "zone": "Zone VII (Western Suburbs North)", "localities": "Dahisar", "osm_relation_id": 7885390, "area_sq_km": 13.866, "center_lat": 19.253479, "center_lng": 72.86193}, "geometry": {"type": "Polygon", "coordinates": [[[72.8349639, 19.2495204], [72.8359457, 19.2500224], [72.8382966, 19.2517142], [72.8385994, 19.2520386], [72.8396637, 19.2537592], [72.8399697, 19.2554048], [72.8378874, 19.2583945], [72.8370033, 19.2598217], [72.8364424, 19.2619035], [72.836956, 19.2633961], [72.8375498, 19.2643701], [72.8386456, 19.2658669], [72.8394364, 19.2665102], [72.8404661, 19.2671219], [72.8415339, 19.2674166], [72.8424861, 19.26745], [72.8455619, 19.2669346], [72.8470762, 19.2673419], [72.8476344, 19.2678557], [72.8500483, 19.2694771], [72.8503883, 19.2693816], [72.8512451, 19.2680992], [72.8523637, 19.2675557], [72.8532493, 19.2673865], [72.856719, 19.2690769], [72.858087, 19.2694244], [72.8602195, 19.2685354], [72.8613235, 19.2676355], [72.8618978, 19.2677064], [72.8626067, 19.2685064], [72.8631849, 19.2683227], [72.863792, 19.2674414], [72.8647359, 19.2671717], [72.8650022, 19.2669407], [72.8655508, 19.2670606], [72.8660166, 19.2669612], [72.8661856, 19.2665813], [72.8661442, 19.2659496], [72.8657345, 19.2651714], [72.8659344, 19.2646601], [72.867127, 19.2629578], [72.8681192, 19.2620146], [72.8688528, 19.2611411], [72.8698154, 19.2606111], [72.8699104, 19.2606659], [72.8699802, 19.2609879], [72.870105, 19.2610773], [72.8708005, 19.2612049], [72.8710933, 19.2611647], [72.8710914, 19.2610987], [72.8718697, 19.2612518], [72.8722669, 19.2611665], [72.8724717, 19.2612029], [72.8732121, 19.2608472], [72.8738031, 19.2606913], [72.873848, 19.2605825], [72.8750591, 19.2607267], [72.8757415, 19.2604458], [72.8758872, 19.2605394], [72.8761072, 19.2604404], [72.8773009, 19.2592412], [72.8776541, 19.2587862], [72.8779285, 19.2580991], [72.8786543, 19.2568068], [72.8802656, 19.2557367], [72.8813989, 19.2545677], [72.8818276, 19.2542582], [72.8838943, 19.253679], [72.8848471, 19.2532787], [72.8862754, 19.2520177], [72.8885364, 19.2498137], [72.8920984, 19.2496516], [72.8936264, 19.2494376], [72.8878907, 19.2455756], [72.879648, 19.2403266], [72.8776631, 19.2389761], [72.8724489, 19.2383267], [72.870278, 19.2379625], [72.8686394, 19.2380357], [72.8670556, 19.2384626], [72.8643527, 19.238496], [72.8641599, 19.2372439], [72.8629387, 19.2374059], [72.8616687, 19.2382066], [72.8610377, 19.2387795], [72.8610134, 19.238892], [72.8597934, 19.2394062], [72.859577, 19.2393386], [72.8594161, 19.2393774], [72.8592139, 19.239276], [72.8589376, 19.2387636], [72.8586337, 19.2374792], [72.8586603, 19.2372769], [72.8579876, 19.2371013], [72.8555008, 19.237728], [72.8519787, 19.238024], [72.8501881, 19.2380276], [72.8494192, 19.2381689], [72.8489488, 19.2383836], [72.8459721, 19.2402698], [72.8419152, 19.2433873], [72.8349639, 19.2495204]]]}}, {"type": "Feature", "properties": {"ward_code": "R/S", "name": "R/S Ward", "zone": "Zone VII (Western Suburbs North)", "localities": "Kandivali", "osm_relation_id": 7885376, "area_sq_km": 18.277, "center_lat": 19.2012, "center_lng": 72.864332}, "geometry": {"type": "Polygon", "coordinates": [[[72.8036061, 19.2141438], [72.8126176, 19.2147338], [72.8209757, 19.2156079], [72.828523, 19.2153085], [72.8357761, 19.2153823], [72.8375876, 19.2151216], [72.8382572, 19.2151008], [72.840656, 19.2136724], [72.8418984, 19.2131174], [72.844788, 19.2123202], [72.8462698, 19.2121509], [72.847658, 19.2122996], [72.8482423, 19.2124423], [72.8504383, 19.2134119], [72.8511557, 19.2138551], [72.8514872, 19.2135389], [72.8518459, 19.2137422], [72.8535971, 19.2139064], [72.8562502, 19.2129858], [72.8574389, 19.2128924], [72.8628848, 19.2131399], [72.8634797, 19.2130703], [72.8692015, 19.2145537], [72.8775813, 19.2144459], [72.8776746, 19.2141836], [72.8781965, 19.2141111], [72.8792989, 19.2148906], [72.8795573, 19.215193], [72.8820568, 19.2173228], [72.8863267, 19.2158827], [72.8869461, 19.2116183], [72.8902338, 19.2101171], [72.8909709, 19.2104099], [72.89123, 19.21072], [72.8919055, 19.2105146], [72.8920081, 19.2093261], [72.8940689, 19.2082926], [72.8941118, 19.2085523], [72.8945226, 19.2084007], [72.8953412, 19.2084122], [72.8953227, 19.2076293], [72.8995402, 19.2048728], [72.8997464, 19.2045711], [72.8997918, 19.2042633], [72.9009859, 19.2010612], [72.9024395, 19.2013881], [72.9023576, 19.1972512], [72.9014686, 19.19637], [72.9003226, 19.1915367], [72.9001487, 19.1893349], [72.9001882, 19.1851018], [72.8973907, 19.1892042], [72.8956751, 19.1905407], [72.8943005, 19.1906452], [72.8924341, 19.1910663], [72.891081, 19.1911927], [72.887081, 19.192478], [72.8827839, 19.1924557], [72.8788389, 19.1929716], [72.8774167, 19.1928117], [72.8767068, 19.1928603], [72.8745928, 19.1934793], [72.8742943, 19.1939213], [72.8740511, 19.1939618], [72.8729877, 19.194007], [72.8721932, 19.1938575], [72.8702972, 19.1938288], [72.8695787, 19.1936987], [72.8680434, 19.1939381], [72.8680856, 19.1937065], [72.8676746, 19.1937205], [72.8669598, 19.1935338], [72.8647611, 19.19343], [72.8645619, 19.1921728], [72.8643644, 19.1919508], [72.8642541, 19.1914244], [72.86427, 19.1910969], [72.8641347, 19.1911041], [72.864044, 19.190984], [72.8614562, 19.1915757], [72.8609902, 19.1920082], [72.8598177, 19.19341], [72.8603449, 19.1946788], [72.8600647, 19.1947243], [72.859543, 19.1946115], [72.8593521, 19.1947157], [72.8585054, 19.1944975], [72.8581664, 19.1946531], [72.8574392, 19.1944382], [72.8562979, 19.1943441], [72.8551003, 19.1936967], [72.8547786, 19.1936858], [72.8536501, 19.1939078], [72.8535982, 19.1957376], [72.8538482, 19.195738], [72.8541049, 19.1958947], [72.8536797, 19.1988987], [72.8515602, 19.1987956], [72.851464, 19.1989193], [72.8511602, 19.1989305], [72.8508574, 19.1973911], [72.8507093, 19.1956038], [72.8505502, 19.1948234], [72.8494959, 19.1949875], [72.8482679, 19.1949597], [72.8478692, 19.1948523], [72.8470722, 19.1949328], [72.8470491, 19.1953508], [72.8469465, 19.1954082], [72.8465862, 19.1954853], [72.8452675, 19.1955037], [72.8450975, 19.1964405], [72.8445055, 19.1963793], [72.8441268, 19.1970217], [72.8435892, 19.197704], [72.8431688, 19.1986348], [72.8425931, 19.199394], [72.8419097, 19.1996135], [72.8412684, 19.1997037], [72.8405605, 19.2002068], [72.8397573, 19.200427], [72.8393688, 19.2003908], [72.8379099, 19.200682], [72.8369899, 19.2006719], [72.8363551, 19.2007852], [72.8359317, 19.2009966], [72.8356014, 19.2009082], [72.8350862, 19.2005478], [72.8342289, 19.2001191], [72.8339245, 19.2000519], [72.8339193, 19.1997052], [72.8328805, 19.1991753], [72.832839, 19.1994227], [72.831892, 19.1991932], [72.8316892, 19.1989252], [72.8318578, 19.1982208], [72.8311431, 19.1971858], [72.8306506, 19.1962639], [72.8291077, 19.1977046], [72.8294422, 19.1989518], [72.8293855, 19.1992514], [72.828995, 19.1993203], [72.8285745, 19.1996203], [72.8283929, 19.2000318], [72.8277598, 19.2006973], [72.8279611, 19.2009027], [72.827426, 19.2015939], [72.8230136, 19.2045115], [72.8228337, 19.2049853], [72.8166317, 19.2043759], [72.8159859, 19.2044313], [72.8143244, 19.2047976], [72.8109207, 19.2065018], [72.8110699, 19.2074532], [72.8109046, 19.2079483], [72.8110665, 19.2082577], [72.810391, 19.2080587], [72.8104376, 19.208597], [72.8100153, 19.2087132], [72.809597, 19.2084066], [72.8094066, 19.2086189], [72.8085963, 19.2096935], [72.8089032, 19.210769], [72.8079197, 19.2119427], [72.8062056, 19.2123729], [72.8055416, 19.2126934], [72.8042385, 19.2130474], [72.8033859, 19.2135014], [72.8036061, 19.2141438]]]}}, {"type": "Feature", "properties": {"ward_code": "S", "name": "S Ward", "zone": "Zone VI (Eastern Suburbs North)", "localities": "Bhandup, Powai, Kanjurmarg", "osm_relation_id": 7885387, "area_sq_km": 33.757, "center_lat": 19.133112, "center_lng": 72.926351}, "geometry": {"type": "Polygon", "coordinates": [[[72.884894, 19.1286801], [72.8849458, 19.1287665], [72.8847716, 19.1295379], [72.8854767, 19.1295572], [72.886395, 19.1294285], [72.8868858, 19.1300756], [72.8875773, 19.1303726], [72.8879218, 19.1307553], [72.8884828, 19.1309944], [72.8887144, 19.131205], [72.888522, 19.1313139], [72.8885941, 19.1314353], [72.8885852, 19.1322109], [72.8887462, 19.1323751], [72.8889012, 19.1323765], [72.8891663, 19.132801], [72.8895145, 19.1337619], [72.8895047, 19.1340304], [72.8899451, 19.1347393], [72.8905171, 19.1352214], [72.8906734, 19.1356223], [72.8909567, 19.1359854], [72.8909252, 19.136147], [72.8911196, 19.1362621], [72.891258, 19.1361932], [72.8919678, 19.1364065], [72.8922733, 19.1367209], [72.8927767, 19.1369393], [72.89282, 19.1373796], [72.8937798, 19.1379893], [72.8943314, 19.1393367], [72.8944812, 19.1394872], [72.8939093, 19.1405664], [72.893327, 19.1421069], [72.8941399, 19.1420044], [72.8944231, 19.1420903], [72.8944856, 19.1426105], [72.8954006, 19.1426337], [72.8960904, 19.1420252], [72.8963677, 19.1418878], [72.898926, 19.1409468], [72.899063, 19.1408416], [72.8994736, 19.1401599], [72.8997847, 19.1393498], [72.9001994, 19.1398109], [72.900627, 19.1397072], [72.9011782, 19.1406429], [72.9015983, 19.1404136], [72.9019575, 19.1405275], [72.9020247, 19.1408416], [72.9019828, 19.1412641], [72.9037944, 19.1412376], [72.9047954, 19.1409724], [72.9047809, 19.1403456], [72.906162, 19.139676], [72.9064381, 19.1399501], [72.9066283, 19.1403047], [72.9069603, 19.1402608], [72.9073623, 19.1393252], [72.9100302, 19.1400265], [72.9107316, 19.1405939], [72.9118345, 19.1402444], [72.9127223, 19.1404485], [72.9128756, 19.1411686], [72.9135352, 19.1412714], [72.9139208, 19.1417947], [72.9151463, 19.141631], [72.9162581, 19.1413092], [72.9181294, 19.1414049], [72.9184463, 19.1408699], [72.9206669, 19.1440631], [72.9208603, 19.1440699], [72.9216426, 19.144613], [72.9221558, 19.1453082], [72.9226134, 19.1457522], [72.9229651, 19.1462978], [72.9233389, 19.1473364], [72.9238273, 19.1491534], [72.9240463, 19.1495315], [72.9240548, 19.1508522], [72.9247845, 19.1520382], [72.9251074, 19.1520157], [72.92549, 19.1527635], [72.9260185, 19.1531099], [72.9267234, 19.153065], [72.9274413, 19.1539192], [72.9274301, 19.1544461], [72.9272046, 19.1554557], [72.9280341, 19.1562385], [72.9281949, 19.1567588], [72.9286249, 19.1574284], [72.9286866, 19.1578654], [72.9284941, 19.1588307], [72.9284927, 19.1592643], [72.9286306, 19.1602005], [72.9286037, 19.1604818], [72.9289811, 19.162834], [72.9286569, 19.163224], [72.9288781, 19.164212], [72.9288595, 19.1648304], [72.9286498, 19.1653258], [72.9290182, 19.1652698], [72.928828, 19.1655583], [72.9286971, 19.166515], [72.9295441, 19.1665565], [72.9303011, 19.1669872], [72.9309814, 19.1672211], [72.9311773, 19.1672112], [72.9316341, 19.1671004], [72.9340019, 19.1655579], [72.9369829, 19.1639412], [72.9373112, 19.1638403], [72.9386427, 19.1637543], [72.939279, 19.1636216], [72.9438291, 19.1618905], [72.9464173, 19.160636], [72.9468141, 19.1602629], [72.9469764, 19.1597322], [72.9469507, 19.1593631], [72.9466292, 19.158192], [72.9466498, 19.1577234], [72.9468443, 19.1573096], [72.9472328, 19.1569872], [72.9569538, 19.1546706], [72.9546813, 19.1512984], [72.9557265, 19.1504936], [72.9562413, 19.1502372], [72.9565784, 19.1501503], [72.9577711, 19.1502494], [72.9582782, 19.1501641], [72.9589474, 19.1499569], [72.9611688, 19.1488761], [72.9613862, 19.1487355], [72.9615041, 19.1485318], [72.9618716, 19.1471964], [72.9616762, 19.1466527], [72.9613461, 19.1462896], [72.9599821, 19.1456469], [72.9583892, 19.1447013], [72.9571613, 19.1433205], [72.9568121, 19.1424753], [72.9566618, 19.1417572], [72.9567001, 19.1402985], [72.956892, 19.139354], [72.9579796, 19.1380844], [72.958895, 19.1367537], [72.9596882, 19.1357963], [72.9613111, 19.1345277], [72.9663527, 19.1311402], [72.9697148, 19.1262942], [72.9700595, 19.1224278], [72.9696472, 19.1203628], [72.9685897, 19.1201267], [72.968087, 19.1201566], [72.9674384, 19.1204073], [72.9676226, 19.1202402], [72.9680354, 19.120087], [72.9685904, 19.1200399], [72.9691744, 19.1201926], [72.96959, 19.1201298], [72.9686701, 19.1177547], [72.967726, 19.1155853], [72.9667658, 19.1135224], [72.9658163, 19.1119815], [72.9645073, 19.1094369], [72.9644991, 19.1092582], [72.9638748, 19.10777], [72.962957, 19.1050473], [72.962029, 19.1013064], [72.9615829, 19.0990121], [72.9429259, 19.1147585], [72.9412824, 19.114109], [72.9373919, 19.1134188], [72.9363387, 19.1130826], [72.9346173, 19.1108665], [72.93407, 19.1107757], [72.9333213, 19.1088964], [72.9331721, 19.1088077], [72.9282336, 19.1106298], [72.9282204, 19.1105458], [72.926889, 19.1108066], [72.9267665, 19.1110671], [72.9254978, 19.1107522], [72.92378, 19.1077721], [72.9223947, 19.105739], [72.9199467, 19.1024244], [72.9165573, 19.1048612], [72.915912, 19.1050287], [72.9161014, 19.1063138], [72.9157308, 19.1067896], [72.9155036, 19.1074003], [72.9155701, 19.1077807], [72.9163019, 19.1089713], [72.9165916, 19.1089268], [72.9176207, 19.1105779], [72.9184593, 19.110812], [72.9182704, 19.1145039], [72.9183981, 19.115351], [72.9183035, 19.1170473], [72.9173742, 19.116422], [72.9163548, 19.1155005], [72.9152124, 19.1151554], [72.9140893, 19.1118121], [72.9138785, 19.1113732], [72.9133025, 19.1106526], [72.9116965, 19.1096121], [72.9097807, 19.1086312], [72.9090458, 19.1082984], [72.9083549, 19.1084087], [72.90801, 19.1081368], [72.9076283, 19.1093933], [72.9070084, 19.1103039], [72.9067138, 19.1109586], [72.9062835, 19.111354], [72.9045483, 19.111985], [72.904316, 19.1141002], [72.9044868, 19.1152717], [72.9033176, 19.1169102], [72.9032659, 19.1175021], [72.9017618, 19.1184029], [72.8983395, 19.1201015], [72.896959, 19.1207078], [72.8960874, 19.1209608], [72.8958759, 19.1214684], [72.895731, 19.1245488], [72.8930778, 19.1250276], [72.8918674, 19.1254963], [72.8899263, 19.1265845], [72.8864084, 19.1291784], [72.884894, 19.1286801]]]}}, {"type": "Feature", "properties": {"ward_code": "T", "name": "T Ward", "zone": "Zone VI (Eastern Suburbs North)", "localities": "Mulund", "osm_relation_id": 7885386, "area_sq_km": 43.537, "center_lat": 19.175766, "center_lng": 72.93386}, "geometry": {"type": "Polygon", "coordinates": [[[72.8924755, 19.1631768], [72.8923204, 19.1639705], [72.8950228, 19.1696034], [72.8970485, 19.1735987], [72.8993289, 19.1760885], [72.9002653, 19.1799275], [72.9000176, 19.1813019], [72.8999919, 19.1832632], [72.9001882, 19.1851018], [72.9001487, 19.1893349], [72.9003226, 19.1915367], [72.9014686, 19.19637], [72.9023576, 19.1972512], [72.9024395, 19.2013881], [72.9075831, 19.2021308], [72.9089853, 19.2024685], [72.9101687, 19.2075954], [72.911116, 19.207805], [72.9133, 19.2080792], [72.9148605, 19.2101727], [72.9167179, 19.2153834], [72.9172118, 19.2161664], [72.920089, 19.2169335], [72.922291, 19.2163945], [72.9250625, 19.2160101], [72.9324329, 19.2078528], [72.9326842, 19.2066938], [72.9353378, 19.2049319], [72.9365433, 19.2039855], [72.9411622, 19.2018562], [72.941367, 19.1956996], [72.941724, 19.1922445], [72.9416978, 19.1910551], [72.9411319, 19.1900811], [72.939847, 19.188974], [72.9407464, 19.1886481], [72.9413343, 19.1881573], [72.94194, 19.1873861], [72.9422479, 19.1876548], [72.9428767, 19.1878532], [72.9434392, 19.1875968], [72.9442546, 19.1879767], [72.9448792, 19.1880211], [72.9450318, 19.1879342], [72.9457593, 19.1879285], [72.9463521, 19.1877872], [72.9464482, 19.1878903], [72.9465788, 19.1878007], [72.9467275, 19.1880204], [72.9469571, 19.1879332], [72.946874, 19.1876567], [72.9472903, 19.1876354], [72.9475413, 19.1878151], [72.948139, 19.1875023], [72.9486387, 19.1875888], [72.9497703, 19.1887029], [72.9523677, 19.186394], [72.953303, 19.1847412], [72.9537316, 19.1849157], [72.9544135, 19.1847782], [72.9544595, 19.1851701], [72.9549813, 19.1851776], [72.955084, 19.1848693], [72.9554233, 19.1846512], [72.955528, 19.1843682], [72.9558557, 19.1842167], [72.9558877, 19.1837988], [72.9556915, 19.1835684], [72.9557866, 19.1833308], [72.9564213, 19.1830071], [72.9566637, 19.1827068], [72.957343, 19.1827011], [72.9575038, 19.1825905], [72.9576982, 19.1826659], [72.9580208, 19.1825524], [72.9581648, 19.1821675], [72.9583474, 19.1821528], [72.9586574, 19.1816866], [72.9585385, 19.1810504], [72.958622, 19.1808092], [72.95867, 19.1807584], [72.9588093, 19.180858], [72.9590187, 19.1808146], [72.9595604, 19.1802074], [72.9596001, 19.1800619], [72.9593925, 19.1797084], [72.959394, 19.1794204], [72.9597466, 19.1793144], [72.9597979, 19.178933], [72.9601734, 19.1789001], [72.9604985, 19.1791148], [72.9607781, 19.1789015], [72.9608763, 19.1790084], [72.9610622, 19.1788707], [72.9615821, 19.1794789], [72.9616685, 19.1794425], [72.9618567, 19.1790107], [72.9621528, 19.1786949], [72.9625495, 19.1784252], [72.9626225, 19.178107], [72.9625576, 19.1776151], [72.9633791, 19.1768267], [72.963784, 19.1766703], [72.9639722, 19.1768977], [72.964487, 19.1768812], [72.9657448, 19.1771438], [72.9662862, 19.1775204], [72.9667659, 19.1776556], [72.9669691, 19.1779506], [72.9677638, 19.1777923], [72.9680256, 19.1779136], [72.9679595, 19.1775312], [72.9681556, 19.1768995], [72.9685081, 19.1760117], [72.9686761, 19.1759134], [72.9690217, 19.1727562], [72.9720345, 19.172718], [72.9742464, 19.1742018], [72.9771448, 19.1721654], [72.9803131, 19.1703446], [72.9817485, 19.1703648], [72.9796906, 19.168768], [72.9787714, 19.165497], [72.9774261, 19.1618647], [72.9768271, 19.1598554], [72.9761727, 19.1571816], [72.9763017, 19.1562668], [72.9762567, 19.1557834], [72.9756595, 19.1526554], [72.9730351, 19.1492978], [72.968074, 19.140654], [72.9670342, 19.1397327], [72.9656789, 19.1390777], [72.9613111, 19.1345277], [72.9601076, 19.1354394], [72.9593867, 19.1361347], [72.9579796, 19.1380844], [72.956892, 19.139354], [72.9567837, 19.1397209], [72.9566618, 19.1417572], [72.9568121, 19.1424753], [72.9571613, 19.1433205], [72.9583892, 19.1447013], [72.9599821, 19.1456469], [72.9613461, 19.1462896], [72.9616762, 19.1466527], [72.9618716, 19.1471964], [72.9615041, 19.1485318], [72.9613862, 19.1487355], [72.9611688, 19.1488761], [72.9589474, 19.1499569], [72.9582782, 19.1501641], [72.9577711, 19.1502494], [72.9565784, 19.1501503], [72.9562413, 19.1502372], [72.9557265, 19.1504936], [72.9546813, 19.1512984], [72.9569538, 19.1546706], [72.9472328, 19.1569872], [72.9468443, 19.1573096], [72.9466498, 19.1577234], [72.9466292, 19.158192], [72.9469507, 19.1593631], [72.9469764, 19.1597322], [72.9468141, 19.1602629], [72.9464173, 19.160636], [72.9438291, 19.1618905], [72.939279, 19.1636216], [72.9386427, 19.1637543], [72.9373112, 19.1638403], [72.9369829, 19.1639412], [72.9340019, 19.1655579], [72.9316341, 19.1671004], [72.9311773, 19.1672112], [72.9309814, 19.1672211], [72.9303011, 19.1669872], [72.9295441, 19.1665565], [72.9286971, 19.166515], [72.928828, 19.1655583], [72.9290182, 19.1652698], [72.9286498, 19.1653258], [72.9288595, 19.1648304], [72.9288781, 19.164212], [72.9286569, 19.163224], [72.9289811, 19.162834], [72.9286037, 19.1604818], [72.9286306, 19.1602005], [72.9284927, 19.1592643], [72.9284941, 19.1588307], [72.9286866, 19.1578654], [72.9286249, 19.1574284], [72.9281949, 19.1567588], [72.9280341, 19.1562385], [72.9272046, 19.1554557], [72.9274301, 19.1544461], [72.9274413, 19.1539192], [72.9267234, 19.153065], [72.9260185, 19.1531099], [72.92549, 19.1527635], [72.9251074, 19.1520157], [72.9247845, 19.1520382], [72.9240548, 19.1508522], [72.9240463, 19.1495315], [72.9238273, 19.1491534], [72.9233389, 19.1473364], [72.9229651, 19.1462978], [72.9226134, 19.1457522], [72.9221558, 19.1453082], [72.9216426, 19.144613], [72.9208603, 19.1440699], [72.9206669, 19.1440631], [72.9184463, 19.1408699], [72.9181294, 19.1414049], [72.9162581, 19.1413092], [72.9151463, 19.141631], [72.9139208, 19.1417947], [72.9135352, 19.1412714], [72.9128756, 19.1411686], [72.9127223, 19.1404485], [72.9118345, 19.1402444], [72.9107316, 19.1405939], [72.9100302, 19.1400265], [72.9073623, 19.1393252], [72.9069603, 19.1402608], [72.9066283, 19.1403047], [72.9064381, 19.1399501], [72.906162, 19.139676], [72.9047809, 19.1403456], [72.9047954, 19.1409724], [72.9037944, 19.1412376], [72.9019828, 19.1412641], [72.9020247, 19.1408416], [72.9019575, 19.1405275], [72.9015983, 19.1404136], [72.9011782, 19.1406429], [72.900627, 19.1397072], [72.9001994, 19.1398109], [72.8997847, 19.1393498], [72.8994736, 19.1401599], [72.8990341, 19.1408769], [72.8963677, 19.1418878], [72.8960904, 19.1420252], [72.8954006, 19.1426337], [72.8944856, 19.1426105], [72.8944231, 19.1420903], [72.8941399, 19.1420044], [72.8942234, 19.1427606], [72.8952841, 19.1449036], [72.8953377, 19.1452054], [72.8951642, 19.1457609], [72.8949898, 19.1472951], [72.8929848, 19.1506772], [72.8931137, 19.152328], [72.8935914, 19.153159], [72.8935005, 19.153708], [72.8926678, 19.1541194], [72.8901637, 19.1565101], [72.889413, 19.1568481], [72.8904565, 19.1576325], [72.8904689, 19.1598896], [72.8910258, 19.1602583], [72.8915514, 19.1602669], [72.8921327, 19.161895], [72.8924755, 19.1631768]]]}}]}